0,1,2
8022076477,UPDATING on F_JOB_LIST_1,<root><row><pos1>AA220836HLPB-20220419</pos1><pos2>AA220836KKGT-20220622</pos2><pos3>AA220836TLFX-20220420</pos3><pos4>AA220836ZBZL-20220419</pos4><pos5>AA220836ZRTV-20230324</pos5><pos6>AA2208376XM4-20230322</pos6><pos7>AA220837MK3L-20220622</pos7><pos8>AA2208382885-20220424</pos8><pos9>AA2208383RK9-20220622</pos9><pos10>AA2208384PPB-20220922</pos10><pos11>AA2208385M2Z-20220424</pos11><pos12>AA220838D13Z-20220419</pos12><pos13>AA220838D2WD-20220624</pos13><pos14>AA220838HNW0-20220424</pos14><pos15>AA220838LX7X-20220501</pos15><pos16>AA220838N4JN-20220424</pos16><pos17>AA2208390GNX-20220601</pos17><pos18>AA2208392CD6-20220624</pos18><pos19>AA2208394V1J-20220922</pos19><pos20>AA22083953D0-20220624</pos20><pos21>AA22083994G5-20220622</pos21><pos22>AA2208399HLY-20220425</pos22><pos23>AA220839CWXX-20230324</pos23><pos24>AA220839NNLF-20220624</pos24><pos25>AA220839PY8S-20230322</pos25><pos26>AA220839TWDY-20220424</pos26><pos27>AA220839V8C9-20230317</pos27><pos28>AA22083B4S42-20220424</pos28><pos29>AA22083BNC39-20220424</pos29><pos30>AA22083C29H3-20220622</pos30><pos31>AA22083CBC6Q-20220424</pos31><pos32>AA22083CD4SB-20220424</pos32><pos33>AA22083CFPLW-20220419</pos33><pos34>AA22083CGCQZ-20230324</pos34><pos35>AA22083CK148-20220622</pos35><pos36>AA22083CKG8R-20230324</pos36><pos37>AA22083CKHXP-20220601</pos37><pos38>AA22083CLKNF-20220922</pos38><pos39>AA22083CLYMT-20240322</pos39><pos40>AA22083CMNQG-20220424</pos40><pos41>AA22083CPW4B-20220424</pos41><pos42>AA22083CY8B1-20220624</pos42><pos43>AA22083D0GJX-20220624</pos43><pos44>AA22083D2HDP-20220630</pos44><pos45>AA22083D4295-20220624</pos45><pos46>AA22083D53BT-20220622</pos46><pos47>AA22083DFV2Y-20220424</pos47><pos48>AA22083DH7XQ-20230324</pos48><pos49>AA22083DJ9SC-20220624</pos49><pos50>AA22083DVXLV-20230324</pos50><pos51>AA22083DXTSF-20220601</pos51><pos52>AA22083DZFXC-20220424</pos52><pos53>AA22083DZH3B-20220624</pos53><pos54>AA22083F6LYB-20220424</pos54><pos55>AA22083F87QS-20220424</pos55><pos56>AA22083F9Q2J-20220327</pos56><pos57>AA22083FDB9N-20220424</pos57><pos58>AA22083FF7BB-20220424</pos58><pos59>AA22083FGXVR-20220424</pos59><pos60>AA22083FJD5S-20220424</pos60><pos61>AA22083FR2JG-20221122</pos61><pos62>AA22083FSW3H-20220622</pos62><pos63>AA22083FYS8H-20230324</pos63><pos64>AA22083FZVCR-20220424</pos64><pos65>AA22083G66MH-20220622</pos65><pos66>AA22083G8QXR-20220423</pos66></row></root>
1.10121E+11,UPDATING on F_JOB_LIST_1,<root><row><pos1>AA220836KKGT-20220622</pos1><pos2>AA220836TLFX-20220420</pos2><pos3>AA220836ZBZL-20220419</pos3><pos4>AA220836ZRTV-20230324</pos4><pos5>AA2208376XM4-20230322</pos5><pos6>AA220837MK3L-20220622</pos6><pos7>AA2208382885-20220424</pos7><pos8>AA2208383RK9-20220622</pos8><pos9>AA2208384PPB-20220922</pos9><pos10>AA2208385M2Z-20220424</pos10><pos11>AA220838D13Z-20220419</pos11><pos12>AA220838D2WD-20220624</pos12><pos13>AA220838HNW0-20220424</pos13><pos14>AA220838LX7X-20220501</pos14><pos15>AA220838N4JN-20220424</pos15><pos16>AA2208390GNX-20220601</pos16><pos17>AA2208392CD6-20220624</pos17><pos18>AA2208394V1J-20220922</pos18><pos19>AA22083953D0-20220624</pos19><pos20>AA22083994G5-20220622</pos20><pos21>AA2208399HLY-20220425</pos21><pos22>AA220839CWXX-20230324</pos22><pos23>AA220839NNLF-20220624</pos23><pos24>AA220839PY8S-20230322</pos24><pos25>AA220839TWDY-20220424</pos25><pos26>AA220839V8C9-20230317</pos26><pos27>AA22083B4S42-20220424</pos27><pos28>AA22083BNC39-20220424</pos28><pos29>AA22083C29H3-20220622</pos29><pos30>AA22083CBC6Q-20220424</pos30><pos31>AA22083CD4SB-20220424</pos31><pos32>AA22083CFPLW-20220419</pos32><pos33>AA22083CGCQZ-20230324</pos33><pos34>AA22083CK148-20220622</pos34><pos35>AA22083CKG8R-20230324</pos35><pos36>AA22083CKHXP-20220601</pos36><pos37>AA22083CLKNF-20220922</pos37><pos38>AA22083CLYMT-20240322</pos38><pos39>AA22083CMNQG-20220424</pos39><pos40>AA22083CPW4B-20220424</pos40><pos41>AA22083CY8B1-20220624</pos41><pos42>AA22083D0GJX-20220624</pos42><pos43>AA22083D2HDP-20220630</pos43><pos44>AA22083D4295-20220624</pos44><pos45>AA22083D53BT-20220622</pos45><pos46>AA22083DFV2Y-20220424</pos46><pos47>AA22083DH7XQ-20230324</pos47><pos48>AA22083DJ9SC-20220624</pos48><pos49>AA22083DVXLV-20230324</pos49><pos50>AA22083DXTSF-20220601</pos50><pos51>AA22083DZFXC-20220424</pos51><pos52>AA22083DZH3B-20220624</pos52><pos53>AA22083F6LYB-20220424</pos53><pos54>AA22083F87QS-20220424</pos54><pos55>AA22083F9Q2J-20220327</pos55><pos56>AA22083FDB9N-20220424</pos56><pos57>AA22083FF7BB-20220424</pos57><pos58>AA22083FGXVR-20220424</pos58><pos59>AA22083FJD5S-20220424</pos59><pos60>AA22083FR2JG-20221122</pos60><pos61>AA22083FSW3H-20220622</pos61><pos62>AA22083FYS8H-20230324</pos62><pos63>AA22083FZVCR-20220424</pos63><pos64>AA22083G66MH-20220622</pos64><pos65>AA22083G8QXR-20220423</pos65></row></root>
706075459,INSERTING on F_OS_TOKEN_USE,<root><row><pos1>205488188557087.00</pos1><pos2></pos2></row></root>
305074851,UPDATING on F_OS_XML_CACHE,<root><row><pos1>INPUTTER</pos1><pos2>INPUTTBSG</pos2><pos3>INT</pos3><pos4>1</pos4><pos5>ALL</pos5><pos6>75</pos6><pos7>20241001M0601</pos7><pos8>20220501</pos8><pos9>20991231</pos9><pos10>0</pos10><pos11>86400</pos11><pos12>59940</pos12><pos13>9</pos13><pos14></pos14><pos15></pos15><pos16></pos16><pos17>GB0010001</pos17><pos18>ALL.PG</pos18><pos19></pos19><pos20>A 2 B C D E F H I L P R S V</pos20><pos21></pos21><pos22></pos22><pos23></pos23><pos24></pos24><pos25>NO</pos25><pos26>NO</pos26><pos27>NO</pos27><pos28>NO</pos28><pos29>DDMM</pos29><pos30></pos30><pos31>20240403</pos31><pos32>155127</pos32><pos33>07tvHvpAqqs5KNKPYUbV5d+0O5FzE5PdZ8AMOCrdFXM=5004v3UpAgdvnsZ+m3WfhjXOlGvesXJf2dL2kiUZ4QY=</pos33><pos34>20240401</pos34><pos35></pos35><pos36></pos36><pos37></pos37><pos38>Y</pos38><pos39></pos39><pos40></pos40><pos41>00</pos41><pos42></pos42><pos43></pos43><pos44></pos44><pos45></pos45><pos46></pos46><pos47></pos47><pos48></pos48><pos49></pos49><pos50></pos50><pos51></pos51><pos52></pos52><pos53></pos53><pos54>SUPER.USER</pos54><pos55></pos55><pos56></pos56><pos57></pos57><pos58></pos58><pos59></pos59><pos60>AU0010001GB0010001GB0010005GB0020001MX0010001NL0020001US0010001</pos60><pos61></pos61><pos62></pos62><pos63></pos63><pos64></pos64><pos65></pos65><pos66></pos66><pos67></pos67><pos68>1</pos68><pos69></pos69><pos70></pos70><pos71>ACTIVE</pos71><pos72>0</pos72><pos73>A1f9VY7zfTlPVIv1FNB</pos73><pos74></pos74><pos75></pos75><pos76></pos76><pos77></pos77><pos78></pos78><pos79></pos79><pos80></pos80><pos81></pos81><pos82></pos82><pos83>3</pos83><pos84>82251_INPUTTER.BSG</pos84><pos85>2404012102</pos85><pos86>82251_INPUTTER.BSG</pos86><pos87>NL0020001</pos87><pos88>75</pos88><pos89></pos89><pos90></pos90><pos91>205488188557087.00</pos91><pos92>ABCDEFHILPQRSTVbMABCDEFHILPQRS&lt;VBMAUTHORISEBACKGROUND.VALIDCOPYDELETEEXCEPTIONFAST.INPUTHISTORY RESTOREINPUTLISTPRINTQ-AUDITOR.REVIEWREVERSESEE&lt;F1&gt; &lt;F2&gt; &lt;F3&gt; &lt;F4&gt; &lt;F5&gt; &lt;F6&gt; &lt;F7&gt; &lt;F8&gt;VERIFYBACKGROUND.VALIDM=RUN ACTION</pos92></row></root>
4026074731,DELETING on FBNK_FT_FWD_DATE,<root/>
104074242,INSERTING on F_EB_JOURNAL_SUMMAR000,<root><row><pos1>USD</pos1><pos2>FT</pos2><pos3>-154</pos3><pos4>154</pos4><pos5>0</pos5></row></root>
104074242,UPDATING on F_AML_TXN_ENTRY,<root><row><pos1>ACUSD14065000100011USD77.0020220420146371EUR202204201.163320220420100283NOWAIVEWAIVEEURNONOTRUSD77.00EUR66.191.1633GB0010001GB001000177.0077.00100283NN1002830000NO00.00 GB85DEMO60161300014637PSD.NON205381027846002.001-4LT.MINIMUM.BAL}A/C BALANCE STILL LESS THAN MINIMUM BALINAU110278_INPUTTER2403241246GB00100011</pos1><pos2>14637GB001000177.0025810028314100120220420EUR66.191.1633TRFT2211043ZF82022042011FT2211043ZF8FT20220420205381027846002.000001LT.MINIMUM.BAL}A/C BALANCE STILL LESS THAN MINIMUM BAL110278_INPUTTER240324124610278_INPUTTERDEBITAC.1.TR.EUR.1001.2001.US.....4320.....GB0010001TDVALUE.DATECLDEFAULT20220420120240324084642330</pos2><pos3>14637GB0010001-7725810028314100120220420EUR-66.191.1633TRFT2211043ZF8R2022042011FT2211043ZF8FT20220420205488188557203.000001LT.MINIMUM.BAL}A/C BALANCE STILL LESS THAN MINIMUM BALACCT.UNAUTH.OD}Unauthorised overdraft of &amp; &amp; on account &amp;.{EUR}198339.21}14637{EUR{198339.21{14637{100283{258{{REVE181885_INPUTTER.BSG240403155381885_INPUTTER.BSGDEBITAC.1.TR.EUR.1001.2001.US.....4320.....GB0010001TDVALUE.DATESYSTEMCLDEFAULT20220420120240403135323505</pos3></row></root>
102074194,INSERTING on F_APPLIC_LEVEL2,"<root><row><pos1>FUNDS.TRANSFER,</pos1><pos2></pos2><pos3>C</pos3><pos4>FT22110RQLY0</pos4><pos5>FUNDS.TRANSFER</pos5><pos6></pos6><pos7>1</pos7><pos8></pos8><pos9></pos9><pos10>???????????1?Account Transfer</pos10><pos11>RECORD.AUTOMATICALLY.OPENED</pos11><pos12></pos12><pos13>Currency Market</pos13><pos14>US Dollar</pos14><pos15></pos15><pos16></pos16><pos17></pos17><pos18></pos18><pos19></pos19><pos20>GENERAL MOTORS</pos20><pos21>Currency Market</pos21><pos22>Pound Sterling</pos22><pos23></pos23><pos24></pos24><pos25></pos25><pos26></pos26><pos27></pos27><pos28>Dell Computer</pos28><pos29></pos29><pos30></pos30><pos31></pos31><pos32></pos32><pos33></pos33><pos34></pos34><pos35></pos35><pos36></pos36><pos37></pos37><pos38></pos38><pos39></pos39><pos40></pos40><pos41></pos41><pos42></pos42><pos43></pos43><pos44></pos44><pos45></pos45><pos46></pos46><pos47></pos47><pos48></pos48><pos49></pos49><pos50></pos50><pos51></pos51><pos52>GBP 1,445.71</pos52><pos53></pos53><pos54></pos54><pos55></pos55><pos56></pos56><pos57></pos57><pos58></pos58><pos59></pos59><pos60></pos60><pos61></pos61><pos62></pos62><pos63></pos63><pos64></pos64><pos65></pos65><pos66></pos66><pos67></pos67><pos68></pos68><pos69></pos69><pos70></pos70><pos71></pos71><pos72></pos72><pos73></pos73><pos74></pos74><pos75></pos75><pos76></pos76><pos77></pos77><pos78></pos78><pos79></pos79><pos80></pos80><pos81></pos81><pos82></pos82><pos83></pos83><pos84></pos84><pos85></pos85><pos86></pos86><pos87></pos87><pos88></pos88><pos89></pos89><pos90></pos90><pos91></pos91><pos92></pos92><pos93></pos93><pos94></pos94><pos95></pos95><pos96></pos96><pos97></pos97><pos98></pos98><pos99></pos99><pos100></pos100><pos101></pos101><pos102></pos102><pos103></pos103><pos104></pos104><pos105></pos105><pos106></pos106><pos107></pos107><pos108></pos108><pos109></pos109><pos110></pos110><pos111></pos111><pos112></pos112><pos113></pos113><pos114></pos114><pos115></pos115><pos116></pos116><pos117></pos117><pos118></pos118><pos119></pos119><pos120></pos120><pos121></pos121><pos122></pos122><pos123></pos123><pos124></pos124><pos125></pos125><pos126></pos126><pos127></pos127><pos128></pos128><pos129></pos129><pos130></pos130><pos131></pos131><pos132></pos132><pos133></pos133><pos134></pos134><pos135></pos135><pos136></pos136><pos137></pos137><pos138></pos138><pos139></pos139><pos140></pos140><pos141></pos141><pos142></pos142><pos143></pos143><pos144></pos144><pos145></pos145><pos146></pos146><pos147></pos147><pos148></pos148><pos149></pos149><pos150></pos150><pos151></pos151><pos152></pos152><pos153></pos153><pos154></pos154><pos155></pos155><pos156></pos156><pos157></pos157><pos158></pos158><pos159></pos159><pos160></pos160><pos161></pos161><pos162></pos162><pos163></pos163><pos164></pos164><pos165></pos165><pos166></pos166><pos167></pos167><pos168></pos168><pos169></pos169><pos170></pos170><pos171></pos171><pos172></pos172><pos173></pos173><pos174></pos174><pos175></pos175><pos176></pos176><pos177></pos177><pos178></pos178><pos179></pos179><pos180></pos180><pos181></pos181><pos182></pos182><pos183></pos183><pos184></pos184><pos185></pos185><pos186></pos186><pos187></pos187><pos188></pos188><pos189></pos189><pos190></pos190><pos191></pos191><pos192></pos192><pos193></pos193><pos194></pos194><pos195></pos195><pos196></pos196><pos197></pos197><pos198></pos198><pos199></pos199><pos200></pos200><pos201></pos201><pos202></pos202><pos203></pos203><pos204></pos204><pos205></pos205><pos206></pos206><pos207></pos207><pos208></pos208><pos209></pos209><pos210></pos210><pos211></pos211><pos212></pos212><pos213></pos213><pos214></pos214><pos215></pos215><pos216></pos216><pos217></pos217><pos218></pos218><pos219></pos219><pos220></pos220><pos221></pos221><pos222></pos222><pos223></pos223><pos224></pos224><pos225></pos225><pos226></pos226><pos227></pos227><pos228></pos228><pos229></pos229><pos230></pos230><pos231></pos231><pos232></pos232><pos233></pos233><pos234></pos234><pos235></pos235><pos236></pos236><pos237></pos237><pos238></pos238><pos239></pos239><pos240></pos240><pos241></pos241><pos242></pos242><pos243></pos243><pos244></pos244><pos245></pos245><pos246></pos246><pos247></pos247><pos248></pos248><pos249></pos249><pos250></pos250><pos251></pos251><pos252></pos252><pos253></pos253><pos254></pos254><pos255></pos255><pos256></pos256><pos257></pos257><pos258></pos258><pos259></pos259><pos260></pos260><pos261></pos261><pos262></pos262><pos263></pos263><pos264></pos264><pos265></pos265><pos266></pos266><pos267></pos267><pos268></pos268><pos269></pos269><pos270></pos270><pos271></pos271><pos272></pos272><pos273></pos273><pos274></pos274><pos275></pos275><pos276></pos276><pos277></pos277><pos278></pos278><pos279></pos279><pos280></pos280><pos281></pos281><pos282></pos282><pos283></pos283><pos284></pos284><pos285></pos285><pos286></pos286><pos287></pos287><pos288></pos288><pos289></pos289><pos290></pos290><pos291></pos291><pos292></pos292><pos293></pos293><pos294></pos294><pos295></pos295><pos296></pos296><pos297></pos297><pos298></pos298><pos299></pos299><pos300></pos300><pos301></pos301><pos302></pos302><pos303></pos303><pos304></pos304><pos305></pos305><pos306></pos306><pos307></pos307><pos308></pos308><pos309></pos309><pos310></pos310><pos311></pos311><pos312></pos312><pos313></pos313><pos314>General Motors?</pos314><pos315></pos315><pos316></pos316><pos317></pos317><pos318></pos318><pos319></pos319><pos320></pos320><pos321></pos321><pos322></pos322><pos323></pos323><pos324></pos324><pos325></pos325><pos326>?142</pos326><pos327>186?TEXT</pos327><pos328>TEXT?0</pos328></row></root>"
11040702594,INSERTING on F_APPLIC_LEVEL2,<root><row><pos1>AC</pos1><pos2>USD1406500010001</pos2><pos3></pos3><pos4>1</pos4><pos5>USD</pos5><pos6>2000.00</pos6><pos7></pos7><pos8></pos8><pos9></pos9><pos10></pos10><pos11>13347</pos11><pos12>1</pos12><pos13>GBP</pos13><pos14></pos14><pos15></pos15><pos16></pos16><pos17></pos17><pos18></pos18><pos19>100283</pos19><pos20></pos20><pos21></pos21><pos22></pos22><pos23></pos23><pos24></pos24><pos25></pos25><pos26></pos26><pos27></pos27><pos28></pos28><pos29></pos29><pos30></pos30><pos31></pos31><pos32></pos32><pos33></pos33><pos34></pos34><pos35></pos35><pos36></pos36><pos37></pos37><pos38></pos38><pos39></pos39><pos40></pos40><pos41></pos41><pos42></pos42><pos43></pos43><pos44>NO</pos44><pos45>WAIVE</pos45><pos46></pos46><pos47></pos47><pos48></pos48><pos49>WAIVE</pos49><pos50></pos50><pos51></pos51><pos52></pos52><pos53></pos53><pos54></pos54><pos55></pos55><pos56></pos56><pos57>NO</pos57><pos58></pos58><pos59></pos59><pos60></pos60><pos61></pos61><pos62>NO</pos62><pos63>TR</pos63><pos64></pos64><pos65></pos65><pos66></pos66><pos67></pos67><pos68></pos68><pos69></pos69><pos70></pos70><pos71></pos71><pos72></pos72><pos73></pos73><pos74></pos74><pos75></pos75><pos76></pos76><pos77></pos77><pos78></pos78><pos79></pos79><pos80></pos80><pos81></pos81><pos82></pos82><pos83></pos83><pos84></pos84><pos85></pos85><pos86></pos86><pos87></pos87><pos88></pos88><pos89></pos89><pos90></pos90><pos91></pos91><pos92></pos92><pos93></pos93><pos94></pos94><pos95></pos95><pos96>100260</pos96><pos97></pos97><pos98>N</pos98><pos99>N</pos99><pos100></pos100><pos101>100260</pos101><pos102></pos102><pos103></pos103><pos104></pos104><pos105></pos105><pos106></pos106><pos107></pos107><pos108></pos108><pos109></pos109><pos110></pos110><pos111>0</pos111><pos112>0</pos112><pos113>0</pos113><pos114>0</pos114><pos115></pos115><pos116></pos116><pos117></pos117><pos118></pos118><pos119></pos119><pos120></pos120><pos121></pos121><pos122></pos122><pos123></pos123><pos124></pos124><pos125></pos125><pos126></pos126><pos127></pos127><pos128></pos128><pos129></pos129><pos130></pos130><pos131></pos131><pos132></pos132><pos133></pos133><pos134></pos134><pos135></pos135><pos136>NO</pos136><pos137></pos137><pos138></pos138><pos139></pos139><pos140></pos140><pos141></pos141><pos142></pos142><pos143></pos143><pos144></pos144><pos145></pos145><pos146></pos146><pos147></pos147><pos148></pos148><pos149></pos149><pos150></pos150><pos151></pos151><pos152></pos152><pos153></pos153><pos154></pos154><pos155></pos155><pos156></pos156><pos157></pos157><pos158></pos158><pos159></pos159><pos160> </pos160><pos161></pos161><pos162></pos162><pos163></pos163><pos164></pos164><pos165></pos165><pos166></pos166><pos167></pos167><pos168></pos168><pos169></pos169><pos170></pos170><pos171></pos171><pos172></pos172><pos173></pos173><pos174></pos174><pos175></pos175><pos176></pos176><pos177></pos177><pos178>GB92DEMO60161300013347</pos178><pos179></pos179><pos180></pos180><pos181></pos181><pos182></pos182><pos183></pos183><pos184></pos184><pos185></pos185><pos186></pos186><pos187></pos187><pos188></pos188><pos189></pos189><pos190></pos190><pos191></pos191><pos192></pos192><pos193></pos193><pos194></pos194><pos195></pos195><pos196></pos196><pos197></pos197><pos198></pos198><pos199></pos199><pos200>PSD.NON</pos200></row></root>
11090701939,INSERTING on F_OS_TOKEN_USE,<root><row><pos1>205486723753896.00</pos1><pos2></pos2></row></root>
11070700177,UPDATING on F_OS_XML_CACHE,<root><row><pos1>INPUTTER</pos1><pos2>INPUTTBSG</pos2><pos3>INT</pos3><pos4>1</pos4><pos5>ALL</pos5><pos6>75</pos6><pos7>20241001M0601</pos7><pos8>20220501</pos8><pos9>20991231</pos9><pos10>0</pos10><pos11>86400</pos11><pos12>59940</pos12><pos13>9</pos13><pos14></pos14><pos15></pos15><pos16></pos16><pos17>GB0010001</pos17><pos18>ALL.PG</pos18><pos19></pos19><pos20>A 2 B C D E F H I L P R S V</pos20><pos21></pos21><pos22></pos22><pos23></pos23><pos24></pos24><pos25>NO</pos25><pos26>NO</pos26><pos27>NO</pos27><pos28>NO</pos28><pos29>DDMM</pos29><pos30></pos30><pos31>20240403</pos31><pos32>145816</pos32><pos33>07tvHvpAqqs5KNKPYUbV5d+0O5FzE5PdZ8AMOCrdFXM=5004v3UpAgdvnsZ+m3WfhjXOlGvesXJf2dL2kiUZ4QY=</pos33><pos34>20240401</pos34><pos35></pos35><pos36></pos36><pos37></pos37><pos38>Y</pos38><pos39></pos39><pos40></pos40><pos41>00</pos41><pos42></pos42><pos43></pos43><pos44></pos44><pos45></pos45><pos46></pos46><pos47></pos47><pos48></pos48><pos49></pos49><pos50></pos50><pos51></pos51><pos52></pos52><pos53></pos53><pos54>SUPER.USER</pos54><pos55></pos55><pos56></pos56><pos57></pos57><pos58></pos58><pos59></pos59><pos60>AU0010001GB0010001GB0010005GB0020001MX0010001NL0020001US0010001</pos60><pos61></pos61><pos62></pos62><pos63></pos63><pos64></pos64><pos65></pos65><pos66></pos66><pos67></pos67><pos68>1</pos68><pos69></pos69><pos70></pos70><pos71>ACTIVE</pos71><pos72>0</pos72><pos73>A1f9VY7zfTlPVIv1FNB</pos73><pos74></pos74><pos75></pos75><pos76></pos76><pos77></pos77><pos78></pos78><pos79></pos79><pos80></pos80><pos81></pos81><pos82></pos82><pos83>3</pos83><pos84>82251_INPUTTER.BSG</pos84><pos85>2404012102</pos85><pos86>82251_INPUTTER.BSG</pos86><pos87>NL0020001</pos87><pos88>75</pos88><pos89></pos89><pos90></pos90><pos91>205486723753896.00</pos91><pos92>ABCDEFHILPQRSTVbMABCDEFHILPQRS&lt;VBMAUTHORISEBACKGROUND.VALIDCOPYDELETEEXCEPTIONFAST.INPUTHISTORY RESTOREINPUTLISTPRINTQ-AUDITOR.REVIEWREVERSESEE&lt;F1&gt; &lt;F2&gt; &lt;F3&gt; &lt;F4&gt; &lt;F5&gt; &lt;F6&gt; &lt;F7&gt; &lt;F8&gt;VERIFYBACKGROUND.VALIDM=RUN ACTION</pos92></row></root>
90100118026,DELETING on F_OS_TOKEN_USE,<root><row><pos1>205486723753896.00</pos1><pos2></pos2></row></root>
1.10201E+11,INSERTING on F_APPLIC_LEVEL2,<root/>
6022074277,INSERTING on F_APPLIC_LEVEL2,<root/>
1.10101E+11,UPDATING on F_EB_JOURNAL_SUMMAR000,<root><row><pos1>USD</pos1><pos2>FT</pos2><pos3>-4154</pos3><pos4>4154</pos4><pos5>0</pos5></row></root>
1.10101E+11,INSERTING on F_AML_TXN_ENTRY,<root><row><pos1>AC22USD14065000100011USD2000.0020220420133471GBP202204201.383420220420100283NOWAIVEWAIVEGBPNONOTRUSD2000.00GBP1445.711.3834GB0010001GB00100012000.002000.00100260NN1002600000NO00.00 GB92DEMO60161300013347PSD.NON205488188559934.011-4INAU181885_INPUTTER.BSG2404031638GB001000175</pos1><pos2>13347GB00100012000.002471002602110100120220420GBP1445.711.3834TRFT22110RQLY020220420175FT22110RQLY0FT20220420205488188559934.010001181885_INPUTTER.BSG240403163881885_INPUTTER.BSGCREDITAC.1.TR.GBP.1001.2001.US.....2330.....GB0010001TDVALUE.DATECLDEFAULT20220420120240403143854945</pos2></row></root>
11090702655,UPDATING on F_EB_JOURNAL_SUMMAR000,<root><row><pos1>USD</pos1><pos2>FT</pos2><pos3>-8154</pos3><pos4>8154</pos4><pos5>0</pos5></row></root>
11090702655,UPDATING on F_AML_TXN_ENTRY,<root><row><pos1>AC22USD14065000100011USD2000.0020220420133471GBP202204201.383420220420100283NOWAIVEWAIVEGBPNONOTRUSD2000.00GBP1445.711.3834GB0010001GB00100012000.002000.00100260NN1002600000NO00.00 GB92DEMO60161300013347PSD.NON205488188559934.011-4INAU181885_INPUTTER.BSG2404031638GB001000175</pos1><pos2>13347GB00100012000.002471002602110100120220420GBP1445.711.3834TRFT22110RQLY020220420175FT22110RQLY0FT20220420205488188559934.010001181885_INPUTTER.BSG240403163881885_INPUTTER.BSGCREDITAC.1.TR.GBP.1001.2001.US.....2330.....GB0010001TDVALUE.DATECLDEFAULT20220420120240403143854945</pos2><pos3>13347GB0010001-20002471002602110100120220420GBP-1445.711.3834TRFT22110RQLY0R20220420175FT22110RQLY0FT20220420205488188559963.010001REVE181885_INPUTTER.BSG240403163981885_INPUTTER.BSGCREDITAC.1.TR.GBP.1001.2001.US.....2330.....GB0010001TDVALUE.DATESYSTEMCLDEFAULT20220420120240403143923647</pos3></row></root>
508074987,DELETING on F_OS_TOKEN_USE,<root><row><pos1>205488188557087.00</pos1><pos2></pos2></row></root>
90170117881,DELETING on F_OS_TOKEN_USE,<root><row><pos1>205482504353835.00</pos1><pos2></pos2></row></root>
10060293722,UPDATING on F_BATCH_STATUS,<root><row><pos1>processing202211516121681470683.714</pos1></row></root>
800076485,INSERTING on FBNK_AA_NEXT_LEVEL_000,<root/>
800076485,INSERTING on F_EB_JOURNAL_SUMMAR000,<root><row><pos1>USD</pos1><pos2>AA</pos2><pos3>-0.46</pos3><pos4>0.46</pos4><pos5>0</pos5></row></root>
800076485,UPDATING on F_JOB_LIST_1,<root><row><pos1>AA220835W6KS-20220422</pos1><pos2>AA2208369PFL-20220424</pos2><pos3>AA220836BP1S-20220424</pos3><pos4>AA220836HLPB-20220419</pos4><pos5>AA220836KKGT-20220622</pos5><pos6>AA220836TLFX-20220420</pos6><pos7>AA220836ZBZL-20220419</pos7><pos8>AA220836ZRTV-20230324</pos8><pos9>AA2208376XM4-20230322</pos9><pos10>AA220837MK3L-20220622</pos10><pos11>AA2208382885-20220424</pos11><pos12>AA2208383RK9-20220622</pos12><pos13>AA2208384PPB-20220922</pos13><pos14>AA2208385M2Z-20220424</pos14><pos15>AA220838D13Z-20220419</pos15><pos16>AA220838D2WD-20220624</pos16><pos17>AA220838HNW0-20220424</pos17><pos18>AA220838LX7X-20220501</pos18><pos19>AA220838N4JN-20220424</pos19><pos20>AA2208390GNX-20220601</pos20><pos21>AA2208392CD6-20220624</pos21><pos22>AA2208394V1J-20220922</pos22><pos23>AA22083953D0-20220624</pos23><pos24>AA22083994G5-20220622</pos24><pos25>AA2208399HLY-20220425</pos25><pos26>AA220839CWXX-20230324</pos26><pos27>AA220839NNLF-20220624</pos27><pos28>AA220839PY8S-20230322</pos28><pos29>AA220839TWDY-20220424</pos29><pos30>AA220839V8C9-20230317</pos30><pos31>AA22083B4S42-20220424</pos31><pos32>AA22083BNC39-20220424</pos32><pos33>AA22083C29H3-20220622</pos33><pos34>AA22083CBC6Q-20220424</pos34><pos35>AA22083CD4SB-20220424</pos35><pos36>AA22083CFPLW-20220419</pos36><pos37>AA22083CGCQZ-20230324</pos37><pos38>AA22083CK148-20220622</pos38><pos39>AA22083CKG8R-20230324</pos39><pos40>AA22083CKHXP-20220601</pos40><pos41>AA22083CLKNF-20220922</pos41><pos42>AA22083CLYMT-20240322</pos42><pos43>AA22083CMNQG-20220424</pos43><pos44>AA22083CPW4B-20220424</pos44><pos45>AA22083CY8B1-20220624</pos45><pos46>AA22083D0GJX-20220624</pos46><pos47>AA22083D2HDP-20220630</pos47><pos48>AA22083D4295-20220624</pos48><pos49>AA22083D53BT-20220622</pos49><pos50>AA22083DFV2Y-20220424</pos50><pos51>AA22083DH7XQ-20230324</pos51><pos52>AA22083DJ9SC-20220624</pos52><pos53>AA22083DVXLV-20230324</pos53><pos54>AA22083DXTSF-20220601</pos54><pos55>AA22083DZFXC-20220424</pos55><pos56>AA22083DZH3B-20220624</pos56><pos57>AA22083F6LYB-20220424</pos57><pos58>AA22083F87QS-20220424</pos58><pos59>AA22083F9Q2J-20220327</pos59><pos60>AA22083FDB9N-20220424</pos60><pos61>AA22083FF7BB-20220424</pos61><pos62>AA22083FGXVR-20220424</pos62><pos63>AA22083FJD5S-20220424</pos63><pos64>AA22083FR2JG-20221122</pos64><pos65>AA22083FSW3H-20220622</pos65><pos66>AA22083FYS8H-20230324</pos66><pos67>AA22083FZVCR-20220424</pos67><pos68>AA22083G66MH-20220622</pos68><pos69>AA22083G8QXR-20220423</pos69></row></root>
1013074283,UPDATING on F_BATCH_STATUS,<root><row><pos1>processing202211516131681470683.714</pos1></row></root>
1.10111E+11,UPDATING on F_JOB_LIST_1,<root><row><pos1>AA220836TLFX-20220420</pos1><pos2>AA220836ZBZL-20220419</pos2><pos3>AA220836ZRTV-20230324</pos3><pos4>AA2208376XM4-20230322</pos4><pos5>AA220837MK3L-20220622</pos5><pos6>AA2208382885-20220424</pos6><pos7>AA2208383RK9-20220622</pos7><pos8>AA2208384PPB-20220922</pos8><pos9>AA2208385M2Z-20220424</pos9><pos10>AA220838D13Z-20220419</pos10><pos11>AA220838D2WD-20220624</pos11><pos12>AA220838HNW0-20220424</pos12><pos13>AA220838LX7X-20220501</pos13><pos14>AA220838N4JN-20220424</pos14><pos15>AA2208390GNX-20220601</pos15><pos16>AA2208392CD6-20220624</pos16><pos17>AA2208394V1J-20220922</pos17><pos18>AA22083953D0-20220624</pos18><pos19>AA22083994G5-20220622</pos19><pos20>AA2208399HLY-20220425</pos20><pos21>AA220839CWXX-20230324</pos21><pos22>AA220839NNLF-20220624</pos22><pos23>AA220839PY8S-20230322</pos23><pos24>AA220839TWDY-20220424</pos24><pos25>AA220839V8C9-20230317</pos25><pos26>AA22083B4S42-20220424</pos26><pos27>AA22083BNC39-20220424</pos27><pos28>AA22083C29H3-20220622</pos28><pos29>AA22083CBC6Q-20220424</pos29><pos30>AA22083CD4SB-20220424</pos30><pos31>AA22083CFPLW-20220419</pos31><pos32>AA22083CGCQZ-20230324</pos32><pos33>AA22083CK148-20220622</pos33><pos34>AA22083CKG8R-20230324</pos34><pos35>AA22083CKHXP-20220601</pos35><pos36>AA22083CLKNF-20220922</pos36><pos37>AA22083CLYMT-20240322</pos37><pos38>AA22083CMNQG-20220424</pos38><pos39>AA22083CPW4B-20220424</pos39><pos40>AA22083CY8B1-20220624</pos40><pos41>AA22083D0GJX-20220624</pos41><pos42>AA22083D2HDP-20220630</pos42><pos43>AA22083D4295-20220624</pos43><pos44>AA22083D53BT-20220622</pos44><pos45>AA22083DFV2Y-20220424</pos45><pos46>AA22083DH7XQ-20230324</pos46><pos47>AA22083DJ9SC-20220624</pos47><pos48>AA22083DVXLV-20230324</pos48><pos49>AA22083DXTSF-20220601</pos49><pos50>AA22083DZFXC-20220424</pos50><pos51>AA22083DZH3B-20220624</pos51><pos52>AA22083F6LYB-20220424</pos52><pos53>AA22083F87QS-20220424</pos53><pos54>AA22083F9Q2J-20220327</pos54><pos55>AA22083FDB9N-20220424</pos55><pos56>AA22083FF7BB-20220424</pos56><pos57>AA22083FGXVR-20220424</pos57><pos58>AA22083FJD5S-20220424</pos58><pos59>AA22083FR2JG-20221122</pos59><pos60>AA22083FSW3H-20220622</pos60><pos61>AA22083FYS8H-20230324</pos61><pos62>AA22083FZVCR-20220424</pos62><pos63>AA22083G66MH-20220622</pos63><pos64>AA22083G8QXR-20220423</pos64></row></root>
1.10261E+11,UPDATING on F_EB_JOURNAL_SUMMAR000,<root><row><pos1>USD</pos1><pos2>AA</pos2><pos3>-2.03</pos3><pos4>2.03</pos4><pos5>0</pos5></row></root>
1.10111E+11,UPDATING on F_BATCH_STATUS,<root><row><pos1>processing202211516131681470683.714</pos1></row></root>
1.10131E+11,UPDATING on F_JOB_LIST_1,<root><row><pos1>AA2208369PFL-20220424</pos1><pos2>AA220836BP1S-20220424</pos2><pos3>AA220836HLPB-20220419</pos3><pos4>AA220836KKGT-20220622</pos4><pos5>AA220836TLFX-20220420</pos5><pos6>AA220836ZBZL-20220419</pos6><pos7>AA220836ZRTV-20230324</pos7><pos8>AA2208376XM4-20230322</pos8><pos9>AA220837MK3L-20220622</pos9><pos10>AA2208382885-20220424</pos10><pos11>AA2208383RK9-20220622</pos11><pos12>AA2208384PPB-20220922</pos12><pos13>AA2208385M2Z-20220424</pos13><pos14>AA220838D13Z-20220419</pos14><pos15>AA220838D2WD-20220624</pos15><pos16>AA220838HNW0-20220424</pos16><pos17>AA220838LX7X-20220501</pos17><pos18>AA220838N4JN-20220424</pos18><pos19>AA2208390GNX-20220601</pos19><pos20>AA2208392CD6-20220624</pos20><pos21>AA2208394V1J-20220922</pos21><pos22>AA22083953D0-20220624</pos22><pos23>AA22083994G5-20220622</pos23><pos24>AA2208399HLY-20220425</pos24><pos25>AA220839CWXX-20230324</pos25><pos26>AA220839NNLF-20220624</pos26><pos27>AA220839PY8S-20230322</pos27><pos28>AA220839TWDY-20220424</pos28><pos29>AA220839V8C9-20230317</pos29><pos30>AA22083B4S42-20220424</pos30><pos31>AA22083BNC39-20220424</pos31><pos32>AA22083C29H3-20220622</pos32><pos33>AA22083CBC6Q-20220424</pos33><pos34>AA22083CD4SB-20220424</pos34><pos35>AA22083CFPLW-20220419</pos35><pos36>AA22083CGCQZ-20230324</pos36><pos37>AA22083CK148-20220622</pos37><pos38>AA22083CKG8R-20230324</pos38><pos39>AA22083CKHXP-20220601</pos39><pos40>AA22083CLKNF-20220922</pos40><pos41>AA22083CLYMT-20240322</pos41><pos42>AA22083CMNQG-20220424</pos42><pos43>AA22083CPW4B-20220424</pos43><pos44>AA22083CY8B1-20220624</pos44><pos45>AA22083D0GJX-20220624</pos45><pos46>AA22083D2HDP-20220630</pos46><pos47>AA22083D4295-20220624</pos47><pos48>AA22083D53BT-20220622</pos48><pos49>AA22083DFV2Y-20220424</pos49><pos50>AA22083DH7XQ-20230324</pos50><pos51>AA22083DJ9SC-20220624</pos51><pos52>AA22083DVXLV-20230324</pos52><pos53>AA22083DXTSF-20220601</pos53><pos54>AA22083DZFXC-20220424</pos54><pos55>AA22083DZH3B-20220624</pos55><pos56>AA22083F6LYB-20220424</pos56><pos57>AA22083F87QS-20220424</pos57><pos58>AA22083F9Q2J-20220327</pos58><pos59>AA22083FDB9N-20220424</pos59><pos60>AA22083FF7BB-20220424</pos60><pos61>AA22083FGXVR-20220424</pos61><pos62>AA22083FJD5S-20220424</pos62><pos63>AA22083FR2JG-20221122</pos63><pos64>AA22083FSW3H-20220622</pos64><pos65>AA22083FYS8H-20230324</pos65><pos66>AA22083FZVCR-20220424</pos66><pos67>AA22083G66MH-20220622</pos67><pos68>AA22083G8QXR-20220423</pos68></row></root>
11030702656,UPDATING on F_EB_JOURNAL_SUMMAR000,<root><row><pos1>USD</pos1><pos2>AA</pos2><pos3>-0.56</pos3><pos4>0.56</pos4><pos5>0</pos5></row></root>
11030702656,UPDATING on F_JOB_LIST_1,<root><row><pos1>AA220836BP1S-20220424</pos1><pos2>AA220836HLPB-20220419</pos2><pos3>AA220836KKGT-20220622</pos3><pos4>AA220836TLFX-20220420</pos4><pos5>AA220836ZBZL-20220419</pos5><pos6>AA220836ZRTV-20230324</pos6><pos7>AA2208376XM4-20230322</pos7><pos8>AA220837MK3L-20220622</pos8><pos9>AA2208382885-20220424</pos9><pos10>AA2208383RK9-20220622</pos10><pos11>AA2208384PPB-20220922</pos11><pos12>AA2208385M2Z-20220424</pos12><pos13>AA220838D13Z-20220419</pos13><pos14>AA220838D2WD-20220624</pos14><pos15>AA220838HNW0-20220424</pos15><pos16>AA220838LX7X-20220501</pos16><pos17>AA220838N4JN-20220424</pos17><pos18>AA2208390GNX-20220601</pos18><pos19>AA2208392CD6-20220624</pos19><pos20>AA2208394V1J-20220922</pos20><pos21>AA22083953D0-20220624</pos21><pos22>AA22083994G5-20220622</pos22><pos23>AA2208399HLY-20220425</pos23><pos24>AA220839CWXX-20230324</pos24><pos25>AA220839NNLF-20220624</pos25><pos26>AA220839PY8S-20230322</pos26><pos27>AA220839TWDY-20220424</pos27><pos28>AA220839V8C9-20230317</pos28><pos29>AA22083B4S42-20220424</pos29><pos30>AA22083BNC39-20220424</pos30><pos31>AA22083C29H3-20220622</pos31><pos32>AA22083CBC6Q-20220424</pos32><pos33>AA22083CD4SB-20220424</pos33><pos34>AA22083CFPLW-20220419</pos34><pos35>AA22083CGCQZ-20230324</pos35><pos36>AA22083CK148-20220622</pos36><pos37>AA22083CKG8R-20230324</pos37><pos38>AA22083CKHXP-20220601</pos38><pos39>AA22083CLKNF-20220922</pos39><pos40>AA22083CLYMT-20240322</pos40><pos41>AA22083CMNQG-20220424</pos41><pos42>AA22083CPW4B-20220424</pos42><pos43>AA22083CY8B1-20220624</pos43><pos44>AA22083D0GJX-20220624</pos44><pos45>AA22083D2HDP-20220630</pos45><pos46>AA22083D4295-20220624</pos46><pos47>AA22083D53BT-20220622</pos47><pos48>AA22083DFV2Y-20220424</pos48><pos49>AA22083DH7XQ-20230324</pos49><pos50>AA22083DJ9SC-20220624</pos50><pos51>AA22083DVXLV-20230324</pos51><pos52>AA22083DXTSF-20220601</pos52><pos53>AA22083DZFXC-20220424</pos53><pos54>AA22083DZH3B-20220624</pos54><pos55>AA22083F6LYB-20220424</pos55><pos56>AA22083F87QS-20220424</pos56><pos57>AA22083F9Q2J-20220327</pos57><pos58>AA22083FDB9N-20220424</pos58><pos59>AA22083FF7BB-20220424</pos59><pos60>AA22083FGXVR-20220424</pos60><pos61>AA22083FJD5S-20220424</pos61><pos62>AA22083FR2JG-20221122</pos62><pos63>AA22083FSW3H-20220622</pos63><pos64>AA22083FYS8H-20230324</pos64><pos65>AA22083FZVCR-20220424</pos65><pos66>AA22083G66MH-20220622</pos66><pos67>AA22083G8QXR-20220423</pos67></row></root>
8022076477,UPDATING on F_EB_JOURNAL_SUMMAR000,<root><row><pos1>USD</pos1><pos2>AA</pos2><pos3>-0.66</pos3><pos4>0.66</pos4><pos5>0</pos5></row></root>
1.10121E+11,INSERTING on FBNK_AA_NEXT_LEVEL_000,<root/>
1.10121E+11,INSERTING on FBNK_AA_NEXT_LEVEL_000,<root/>
1.10121E+11,INSERTING on FBNK_AA_NEXT_LEVEL_000,<root/>
1.10101E+11,INSERTING on F_JOB_LIST_1,<root><row><pos1>AA22087DGQ48-1</pos1><pos2>AA22087DJG3V-1</pos2><pos3>AA22087FMC7C-1</pos3><pos4>AA22087FZ3C6-1</pos4><pos5>AA22087G738F-1</pos5><pos6>AA22087H1NC4-1</pos6><pos7>AA22087H6BJK-1</pos7><pos8>AA22087HD4B3-1</pos8><pos9>AA22087HJVM9-1</pos9><pos10>AA22087J9DPJ-1</pos10></row></root>
1.10101E+11,INSERTING on F_JOB_LIST_1,<root><row><pos1>AA22087JDYYC-1</pos1><pos2>AA22087JWGVV-1</pos2><pos3>AA22087K89WF-1</pos3><pos4>AA22087KYHLT-1</pos4><pos5>AA22087L0FPQ-1</pos5><pos6>AA22087MDCHD-1</pos6><pos7>AA22087MM385-1</pos7><pos8>AA22087NP1WP-1</pos8><pos9>AA22087Q9RNH-1</pos9><pos10>AA22087QB2LB-1</pos10></row></root>
1.10101E+11,INSERTING on F_JOB_LIST_1,<root><row><pos1>AA22087QQMRN-1</pos1><pos2>AA22087R2PMQ-1</pos2><pos3>AA22087SBQD4-1</pos3><pos4>AA22087STJSX-1</pos4><pos5>AA22087T4DQR-1</pos5><pos6>AA22087T6PHN-1</pos6><pos7>AA22087TQTV5-1</pos7><pos8>AA22087V2YG6-1</pos8><pos9>AA22087V99BX-1</pos9><pos10>AA22087XY0PL-1</pos10></row></root>
1.10101E+11,INSERTING on F_JOB_LIST_1,<root><row><pos1>AA22087Y1QB6-1</pos1><pos2>AA22087Y3JYG-1</pos2><pos3>AA22087Y8B3J-1</pos3><pos4>AA22087Z8T0W-1</pos4><pos5>AA22087ZMGZ6-1</pos5><pos6>AA220906F6P8-1</pos6><pos7>AA22090GHLQV-1</pos7><pos8>AA22090GWL4F-1</pos8><pos9>AA22090K26XB-1</pos9><pos10>AA22090RJQTY-1</pos10></row></root>
1.10101E+11,INSERTING on F_JOB_LIST_1,<root><row><pos1>AA22090SD5SK-1</pos1><pos2>AA22090WJG9K-1</pos2><pos3>AA22090WJS0C-1</pos3><pos4>AA22090WP09K-1</pos4><pos5>AA220913K8T1-1</pos5><pos6>AA22091M618F-1</pos6><pos7>AA22091TP9BC-1</pos7><pos8>AA22091YZLJV-1</pos8><pos9>AA2210475304-1</pos9><pos10>AA22104P3PS5-1</pos10></row></root>
1.10101E+11,INSERTING on F_JOB_LIST_1,<root><row><pos1>AA22104WZ1FD-1</pos1><pos2>AA22109109JH-1</pos2><pos3>AA22109JW3HT-1</pos3><pos4>AA22109VGBP7-1</pos4><pos5>AA22109XF24M-1</pos5><pos6>AA22109YF7MY-1</pos6><pos7>AA22080T334H-1</pos7><pos8>AA22080TD0QP-1</pos8><pos9>AA22080TM9DJ-1</pos9><pos10>AA22080TNW9W-1</pos10></row></root>
1.10101E+11,INSERTING on F_JOB_LIST_1,<root><row><pos1>AA22080TPMNM-1</pos1><pos2>AA22080TSFZG-1</pos2><pos3>AA22080VFX1M-1</pos3><pos4>AA22080WF0L2-1</pos4><pos5>AA22080X1R60-1</pos5><pos6>AA22080X505L-1</pos6><pos7>AA22080X93LN-1</pos7><pos8>AA22080XM4CH-1</pos8><pos9>AA22080XZLXR-1</pos9><pos10>AA22080Y08NJ-1</pos10></row></root>
1.10101E+11,INSERTING on F_JOB_LIST_1,<root><row><pos1>AA22080Y4WX0-1</pos1><pos2>AA22080YC6LB-1</pos2><pos3>AA22080YHW8D-1</pos3><pos4>AA22080YJKK5-1</pos4><pos5>AA22080YNXWQ-1</pos5><pos6>AA22080YW6T8-1</pos6><pos7>AA22080YWRQW-1</pos7><pos8>AA22080YYYH2-1</pos8><pos9>AA22080Z5RVC-1</pos9><pos10>AA22083011Q7-1</pos10></row></root>
1.10101E+11,INSERTING on F_JOB_LIST_1,<root><row><pos1>AA2208302F9V-1</pos1><pos2>AA220831728S-1</pos2><pos3>AA2208326B1R-1</pos3><pos4>AA220832Y5RV-1</pos4><pos5>AA220833D9QP-1</pos5><pos6>AA220833JF1F-1</pos6><pos7>AA220833M5XZ-1</pos7><pos8>AA2208341XLK-1</pos8><pos9>AA22083422NQ-1</pos9><pos10>AA22083435T2-1</pos10></row></root>
1.10101E+11,INSERTING on F_JOB_LIST_1,<root><row><pos1>AA220835BJX0-1</pos1><pos2>AA220836HLPB-1</pos2><pos3>AA220836ZBZL-1</pos3><pos4>AA22083953D0-1</pos4><pos5>AA22083CFPLW-1</pos5><pos6>AA22083CKG8R-1</pos6><pos7>AA22083CMNQG-1</pos7><pos8>AA22083CY8B1-1</pos8><pos9>AA22083D4295-1</pos9><pos10>AA22083DJ9SC-1</pos10></row></root>
1.10101E+11,INSERTING on F_JOB_LIST_1,<root><row><pos1>AA22083DZH3B-1</pos1><pos2>AA22083G66MH-1</pos2><pos3>AA22083G9QS1-1</pos3><pos4>AA22083G9WP7-1</pos4><pos5>AA22083GKHHB-1</pos5><pos6>AA22083GYP6Z-1</pos6><pos7>AA22083J13T9-1</pos7><pos8>AA22083K611D-1</pos8><pos9>AA22083KV2B1-1</pos9><pos10>AA22083NMBG7-1</pos10></row></root>
1.10101E+11,INSERTING on F_JOB_LIST_1,<root><row><pos1>AA22083P79WD-1</pos1><pos2>AA22083QJRW7-1</pos2><pos3>AA22083QWPNM-1</pos3><pos4>AA22083RXKGT-1</pos4><pos5>AA22083S4V2T-1</pos5><pos6>AA22083S5LF2-1</pos6><pos7>AA22083VM51Q-1</pos7><pos8>AA22083VY62L-1</pos8><pos9>AA22083W8QB6-1</pos9><pos10>AA22083XBKRK-1</pos10></row></root>
1.10101E+11,INSERTING on F_JOB_LIST_1,<root><row><pos1>AA22083XHYCB-1</pos1><pos2>AA22083XP0ZK-1</pos2><pos3>AA22083XX6X1-1</pos3><pos4>AA22083Z44WX-1</pos4></row></root>
1.10101E+11,INSERTING on F_BATCH_STATUS,<root><row><pos1>1processing1172641712160745.619</pos1><pos2>2</pos2></row></root>
1.10121E+11,UPDATING on F_EB_JOURNAL_SUMMAR000,<root><row><pos1>USD</pos1><pos2>AA</pos2><pos3>-1590.42</pos3><pos4>1590.42</pos4><pos5>0</pos5></row></root>
1.10121E+11,DELETING on FBNK_AA_NEXT_LEVEL_000,<root/>
1.10121E+11,DELETING on F_JOB_LIST_1,<root><row><pos1>AA22080188CF-1</pos1></row></root>
1019074257,UPDATING on F_EB_JOURNAL_SUMMAR000,<root><row><pos1>USD</pos1><pos2>AA</pos2><pos3>-1590.69</pos3><pos4>1590.69</pos4><pos5>0</pos5></row></root>
1019074257,DELETING on FBNK_AA_NEXT_LEVEL_000,<root/>
1019074257,DELETING on F_JOB_LIST_1,<root><row><pos1>AA220801CP5Z-1</pos1></row></root>
5011075015,UPDATING on F_EB_JOURNAL_SUMMAR000,<root><row><pos1>USD</pos1><pos2>AA</pos2><pos3>-1593.86</pos3><pos4>1593.86</pos4><pos5>0</pos5></row></root>
5011075015,DELETING on FBNK_AA_NEXT_LEVEL_000,<root/>
5011075015,DELETING on F_JOB_LIST_1,<root><row><pos1>AA220801SJK5-1</pos1></row></root>
11020702687,UPDATING on F_EB_JOURNAL_SUMMAR000,<root><row><pos1>USD</pos1><pos2>AA</pos2><pos3>-1988.32</pos3><pos4>1988.32</pos4><pos5>0</pos5></row></root>
11020702687,DELETING on FBNK_AA_NEXT_LEVEL_000,<root/>
11020702687,DELETING on F_JOB_LIST_1,<root><row><pos1>AA2208028Y0X-1</pos1></row></root>
3030074801,UPDATING on F_EB_JOURNAL_SUMMAR000,<root><row><pos1>USD</pos1><pos2>AA</pos2><pos3>-2043.67</pos3><pos4>2043.67</pos4><pos5>0</pos5></row></root>
3030074801,DELETING on FBNK_AA_NEXT_LEVEL_000,<root/>
3030074801,DELETING on F_JOB_LIST_1,<root><row><pos1>AA220802919W-1</pos1></row></root>
2015074622,DELETING on FBNK_AA_NEXT_LEVEL_000,<root/>
2015074622,DELETING on F_JOB_LIST_1,<root><row><pos1>AA220802W37R-1</pos1></row></root>
1.10211E+11,UPDATING on F_EB_JOURNAL_SUMMAR000,<root><row><pos1>USD</pos1><pos2>AA</pos2><pos3>-2043.84</pos3><pos4>2043.84</pos4><pos5>0</pos5></row></root>
4012074744,DELETING on F_JOB_LIST_1,<root><row><pos1>AA220803RD24-1</pos1></row></root>
609074344,UPDATING on F_EB_JOURNAL_SUMMAR000,<root><row><pos1>USD</pos1><pos2>AA</pos2><pos3>-2049.84</pos3><pos4>2049.84</pos4><pos5>0</pos5></row></root>
609074344,DELETING on FBNK_AA_NEXT_LEVEL_000,<root/>
609074344,DELETING on F_JOB_LIST_1,<root><row><pos1>AA220805RKK4-1</pos1></row></root>
603074326,UPDATING on F_EB_JOURNAL_SUMMAR000,<root><row><pos1>USD</pos1><pos2>AA</pos2><pos3>-2054.98</pos3><pos4>2054.98</pos4><pos5>0</pos5></row></root>
603074326,DELETING on FBNK_AA_NEXT_LEVEL_000,<root/>
603074326,DELETING on F_JOB_LIST_1,<root><row><pos1>AA220805RY2P-1</pos1></row></root>
1.10291E+11,UPDATING on F_EB_JOURNAL_SUMMAR000,<root><row><pos1>USD</pos1><pos2>AA</pos2><pos3>-2056.47</pos3><pos4>2056.47</pos4><pos5>0</pos5></row></root>
1.10291E+11,DELETING on FBNK_AA_NEXT_LEVEL_000,<root/>
1.10291E+11,DELETING on F_JOB_LIST_1,<root><row><pos1>AA2208063R3M-1</pos1></row></root>
11060702705,UPDATING on F_EB_JOURNAL_SUMMAR000,<root><row><pos1>USD</pos1><pos2>AA</pos2><pos3>-2057.36</pos3><pos4>2057.36</pos4><pos5>0</pos5></row></root>
11060702705,DELETING on FBNK_AA_NEXT_LEVEL_000,<root/>
90220117996,UPDATING on F_BATCH_STATUS,<root><row><pos1>2</pos1></row></root>
2027074570,INSERTING on F_JOB_LIST_1,<root><row><pos1>AA220802ZGF9-2</pos1></row></root>
2027074570,INSERTING on F_JOB_LIST_1,<root><row><pos1>AA220803H8LG-2</pos1></row></root>
2027074570,INSERTING on F_JOB_LIST_1,<root><row><pos1>AA220804HYPX-2</pos1></row></root>
2027074570,INSERTING on F_JOB_LIST_1,<root><row><pos1>AA220804YLKX-2</pos1></row></root>
2027074570,INSERTING on F_JOB_LIST_1,<root><row><pos1>AA220805CS6J-2</pos1></row></root>
2027074570,INSERTING on F_JOB_LIST_1,<root><row><pos1>AA220805RRMK-2</pos1></row></root>
2027074570,INSERTING on F_JOB_LIST_1,<root><row><pos1>AA220805RY2P-2</pos1></row></root>
2027074570,INSERTING on F_JOB_LIST_1,<root><row><pos1>AA220807HJPK-2</pos1></row></root>
2027074570,INSERTING on F_JOB_LIST_1,<root><row><pos1>AA2208096MDN-2</pos1></row></root>
2027074570,INSERTING on F_JOB_LIST_1,<root><row><pos1>AA22080B2P3P-2</pos1></row></root>
2027074570,INSERTING on F_JOB_LIST_1,<root><row><pos1>AA22080CJFFK-2</pos1></row></root>
2027074570,INSERTING on F_JOB_LIST_1,<root><row><pos1>AA22080HV1NT-2</pos1></row></root>
2027074570,INSERTING on F_JOB_LIST_1,<root><row><pos1>AA22080HXN2R-2</pos1></row></root>
2027074570,INSERTING on F_JOB_LIST_1,<root><row><pos1>AA22080PLKTR-2</pos1></row></root>
2027074570,INSERTING on F_JOB_LIST_1,<root><row><pos1>AA22080R14GP-2</pos1></row></root>
2027074570,INSERTING on F_JOB_LIST_1,<root><row><pos1>AA22080R2ZS2-2</pos1></row></root>
2027074570,INSERTING on F_JOB_LIST_1,<root><row><pos1>AA22080R3YYF-2</pos1></row></root>
2027074570,INSERTING on F_JOB_LIST_1,<root><row><pos1>AA22080SCV5Z-2</pos1></row></root>
2027074570,INSERTING on F_JOB_LIST_1,<root><row><pos1>AA2208736HPB-2</pos1></row></root>
2027074570,INSERTING on F_JOB_LIST_1,<root><row><pos1>AA220876FM7Y-2</pos1></row></root>
2027074570,INSERTING on F_JOB_LIST_1,<root><row><pos1>AA220877QRLS-2</pos1></row></root>
2027074570,INSERTING on F_JOB_LIST_1,<root><row><pos1>AA220878XBH6-2</pos1></row></root>
2027074570,INSERTING on F_JOB_LIST_1,<root><row><pos1>AA22087KMBF0-2</pos1></row></root>
2027074570,INSERTING on F_JOB_LIST_1,<root><row><pos1>AA22087LTBQK-2</pos1></row></root>
2027074570,INSERTING on F_JOB_LIST_1,<root><row><pos1>AA22087N889H-2</pos1></row></root>
2027074570,INSERTING on F_JOB_LIST_1,<root><row><pos1>AA22087QBR6T-2</pos1></row></root>
2027074570,INSERTING on F_JOB_LIST_1,<root><row><pos1>AA22087TNC0D-2</pos1></row></root>
2027074570,INSERTING on F_JOB_LIST_1,<root><row><pos1>AA22087XD0ZJ-2</pos1></row></root>
2027074570,INSERTING on F_JOB_LIST_1,<root><row><pos1>AA22087XZRF6-2</pos1></row></root>
2027074570,INSERTING on F_JOB_LIST_1,<root><row><pos1>AA2209058H40-2</pos1></row></root>
2027074570,INSERTING on F_JOB_LIST_1,<root><row><pos1>AA220906QVW7-2</pos1></row></root>
2027074570,INSERTING on F_JOB_LIST_1,<root><row><pos1>AA22090VMBPW-2</pos1></row></root>
2027074570,INSERTING on F_JOB_LIST_1,<root><row><pos1>AA22090ZFC1Q-2</pos1></row></root>
2027074570,INSERTING on F_JOB_LIST_1,<root><row><pos1>AA2209100WPC-2</pos1></row></root>
2027074570,INSERTING on F_JOB_LIST_1,<root><row><pos1>AA2209103J0B-2</pos1></row></root>
2027074570,INSERTING on F_JOB_LIST_1,<root><row><pos1>AA220910G9B5-2</pos1></row></root>
2027074570,INSERTING on F_JOB_LIST_1,<root><row><pos1>AA220910LPS5-2</pos1></row></root>
2027074570,INSERTING on F_JOB_LIST_1,<root><row><pos1>AA220911KSBJ-2</pos1></row></root>
2027074570,INSERTING on F_JOB_LIST_1,<root><row><pos1>AA2209127T6M-2</pos1></row></root>
2027074570,INSERTING on F_JOB_LIST_1,<root><row><pos1>AA220912G70R-2</pos1></row></root>
2027074570,INSERTING on F_JOB_LIST_1,<root><row><pos1>AA220912RD9H-2</pos1></row></root>
2027074570,INSERTING on F_JOB_LIST_1,<root><row><pos1>AA220912XRL3-2</pos1></row></root>
2027074570,INSERTING on F_JOB_LIST_1,<root><row><pos1>AA220913GJ1X-2</pos1></row></root>
2027074570,INSERTING on F_JOB_LIST_1,<root><row><pos1>AA220913WK7K-2</pos1></row></root>
2027074570,INSERTING on F_JOB_LIST_1,<root><row><pos1>AA220913Y7JW-2</pos1></row></root>
2027074570,INSERTING on F_JOB_LIST_1,<root><row><pos1>AA220914PWVT-2</pos1></row></root>
2027074570,INSERTING on F_JOB_LIST_1,<root><row><pos1>AA22091648JL-2</pos1></row></root>
2027074570,INSERTING on F_JOB_LIST_1,<root><row><pos1>AA2209194837-2</pos1></row></root>
1.10261E+11,UPDATING on F_JOB_LIST_1,<root><row><pos1>AA220836ZBZL-20220419</pos1><pos2>AA220836ZRTV-20230324</pos2><pos3>AA2208376XM4-20230322</pos3><pos4>AA220837MK3L-20220622</pos4><pos5>AA2208382885-20220424</pos5><pos6>AA2208383RK9-20220622</pos6><pos7>AA2208384PPB-20220922</pos7><pos8>AA2208385M2Z-20220424</pos8><pos9>AA220838D13Z-20220419</pos9><pos10>AA220838D2WD-20220624</pos10><pos11>AA220838HNW0-20220424</pos11><pos12>AA220838LX7X-20220501</pos12><pos13>AA220838N4JN-20220424</pos13><pos14>AA2208390GNX-20220601</pos14><pos15>AA2208392CD6-20220624</pos15><pos16>AA2208394V1J-20220922</pos16><pos17>AA22083953D0-20220624</pos17><pos18>AA22083994G5-20220622</pos18><pos19>AA2208399HLY-20220425</pos19><pos20>AA220839CWXX-20230324</pos20><pos21>AA220839NNLF-20220624</pos21><pos22>AA220839PY8S-20230322</pos22><pos23>AA220839TWDY-20220424</pos23><pos24>AA220839V8C9-20230317</pos24><pos25>AA22083B4S42-20220424</pos25><pos26>AA22083BNC39-20220424</pos26><pos27>AA22083C29H3-20220622</pos27><pos28>AA22083CBC6Q-20220424</pos28><pos29>AA22083CD4SB-20220424</pos29><pos30>AA22083CFPLW-20220419</pos30><pos31>AA22083CGCQZ-20230324</pos31><pos32>AA22083CK148-20220622</pos32><pos33>AA22083CKG8R-20230324</pos33><pos34>AA22083CKHXP-20220601</pos34><pos35>AA22083CLKNF-20220922</pos35><pos36>AA22083CLYMT-20240322</pos36><pos37>AA22083CMNQG-20220424</pos37><pos38>AA22083CPW4B-20220424</pos38><pos39>AA22083CY8B1-20220624</pos39><pos40>AA22083D0GJX-20220624</pos40><pos41>AA22083D2HDP-20220630</pos41><pos42>AA22083D4295-20220624</pos42><pos43>AA22083D53BT-20220622</pos43><pos44>AA22083DFV2Y-20220424</pos44><pos45>AA22083DH7XQ-20230324</pos45><pos46>AA22083DJ9SC-20220624</pos46><pos47>AA22083DVXLV-20230324</pos47><pos48>AA22083DXTSF-20220601</pos48><pos49>AA22083DZFXC-20220424</pos49><pos50>AA22083DZH3B-20220624</pos50><pos51>AA22083F6LYB-20220424</pos51><pos52>AA22083F87QS-20220424</pos52><pos53>AA22083F9Q2J-20220327</pos53><pos54>AA22083FDB9N-20220424</pos54><pos55>AA22083FF7BB-20220424</pos55><pos56>AA22083FGXVR-20220424</pos56><pos57>AA22083FJD5S-20220424</pos57><pos58>AA22083FR2JG-20221122</pos58><pos59>AA22083FSW3H-20220622</pos59><pos60>AA22083FYS8H-20230324</pos60><pos61>AA22083FZVCR-20220424</pos61><pos62>AA22083G66MH-20220622</pos62><pos63>AA22083G8QXR-20220423</pos63></row></root>
1.0032E+11,DELETING on FBNK_AA_NEXT_ACTIVITY,<root/>
1.0032E+11,INSERTING on FBNK_AA_NEXT_ACTIVITY,<root/>
1.0032E+11,UPDATING on F_JOB_LIST_1,<root><row><pos1>AA220836ZRTV-20230324</pos1><pos2>AA2208376XM4-20230322</pos2><pos3>AA220837MK3L-20220622</pos3><pos4>AA2208382885-20220424</pos4><pos5>AA2208383RK9-20220622</pos5><pos6>AA2208384PPB-20220922</pos6><pos7>AA2208385M2Z-20220424</pos7><pos8>AA220838D13Z-20220419</pos8><pos9>AA220838D2WD-20220624</pos9><pos10>AA220838HNW0-20220424</pos10><pos11>AA220838LX7X-20220501</pos11><pos12>AA220838N4JN-20220424</pos12><pos13>AA2208390GNX-20220601</pos13><pos14>AA2208392CD6-20220624</pos14><pos15>AA2208394V1J-20220922</pos15><pos16>AA22083953D0-20220624</pos16><pos17>AA22083994G5-20220622</pos17><pos18>AA2208399HLY-20220425</pos18><pos19>AA220839CWXX-20230324</pos19><pos20>AA220839NNLF-20220624</pos20><pos21>AA220839PY8S-20230322</pos21><pos22>AA220839TWDY-20220424</pos22><pos23>AA220839V8C9-20230317</pos23><pos24>AA22083B4S42-20220424</pos24><pos25>AA22083BNC39-20220424</pos25><pos26>AA22083C29H3-20220622</pos26><pos27>AA22083CBC6Q-20220424</pos27><pos28>AA22083CD4SB-20220424</pos28><pos29>AA22083CFPLW-20220419</pos29><pos30>AA22083CGCQZ-20230324</pos30><pos31>AA22083CK148-20220622</pos31><pos32>AA22083CKG8R-20230324</pos32><pos33>AA22083CKHXP-20220601</pos33><pos34>AA22083CLKNF-20220922</pos34><pos35>AA22083CLYMT-20240322</pos35><pos36>AA22083CMNQG-20220424</pos36><pos37>AA22083CPW4B-20220424</pos37><pos38>AA22083CY8B1-20220624</pos38><pos39>AA22083D0GJX-20220624</pos39><pos40>AA22083D2HDP-20220630</pos40><pos41>AA22083D4295-20220624</pos41><pos42>AA22083D53BT-20220622</pos42><pos43>AA22083DFV2Y-20220424</pos43><pos44>AA22083DH7XQ-20230324</pos44><pos45>AA22083DJ9SC-20220624</pos45><pos46>AA22083DVXLV-20230324</pos46><pos47>AA22083DXTSF-20220601</pos47><pos48>AA22083DZFXC-20220424</pos48><pos49>AA22083DZH3B-20220624</pos49><pos50>AA22083F6LYB-20220424</pos50><pos51>AA22083F87QS-20220424</pos51><pos52>AA22083F9Q2J-20220327</pos52><pos53>AA22083FDB9N-20220424</pos53><pos54>AA22083FF7BB-20220424</pos54><pos55>AA22083FGXVR-20220424</pos55><pos56>AA22083FJD5S-20220424</pos56><pos57>AA22083FR2JG-20221122</pos57><pos58>AA22083FSW3H-20220622</pos58><pos59>AA22083FYS8H-20230324</pos59><pos60>AA22083FZVCR-20220424</pos60><pos61>AA22083G66MH-20220622</pos61><pos62>AA22083G8QXR-20220423</pos62></row></root>
90310118049,UPDATING on F_JOB_LIST_1,<root><row><pos1>AA2208376XM4-20230322</pos1><pos2>AA220837MK3L-20220622</pos2><pos3>AA2208382885-20220424</pos3><pos4>AA2208383RK9-20220622</pos4><pos5>AA2208384PPB-20220922</pos5><pos6>AA2208385M2Z-20220424</pos6><pos7>AA220838D13Z-20220419</pos7><pos8>AA220838D2WD-20220624</pos8><pos9>AA220838HNW0-20220424</pos9><pos10>AA220838LX7X-20220501</pos10><pos11>AA220838N4JN-20220424</pos11><pos12>AA2208390GNX-20220601</pos12><pos13>AA2208392CD6-20220624</pos13><pos14>AA2208394V1J-20220922</pos14><pos15>AA22083953D0-20220624</pos15><pos16>AA22083994G5-20220622</pos16><pos17>AA2208399HLY-20220425</pos17><pos18>AA220839CWXX-20230324</pos18><pos19>AA220839NNLF-20220624</pos19><pos20>AA220839PY8S-20230322</pos20><pos21>AA220839TWDY-20220424</pos21><pos22>AA220839V8C9-20230317</pos22><pos23>AA22083B4S42-20220424</pos23><pos24>AA22083BNC39-20220424</pos24><pos25>AA22083C29H3-20220622</pos25><pos26>AA22083CBC6Q-20220424</pos26><pos27>AA22083CD4SB-20220424</pos27><pos28>AA22083CFPLW-20220419</pos28><pos29>AA22083CGCQZ-20230324</pos29><pos30>AA22083CK148-20220622</pos30><pos31>AA22083CKG8R-20230324</pos31><pos32>AA22083CKHXP-20220601</pos32><pos33>AA22083CLKNF-20220922</pos33><pos34>AA22083CLYMT-20240322</pos34><pos35>AA22083CMNQG-20220424</pos35><pos36>AA22083CPW4B-20220424</pos36><pos37>AA22083CY8B1-20220624</pos37><pos38>AA22083D0GJX-20220624</pos38><pos39>AA22083D2HDP-20220630</pos39><pos40>AA22083D4295-20220624</pos40><pos41>AA22083D53BT-20220622</pos41><pos42>AA22083DFV2Y-20220424</pos42><pos43>AA22083DH7XQ-20230324</pos43><pos44>AA22083DJ9SC-20220624</pos44><pos45>AA22083DVXLV-20230324</pos45><pos46>AA22083DXTSF-20220601</pos46><pos47>AA22083DZFXC-20220424</pos47><pos48>AA22083DZH3B-20220624</pos48><pos49>AA22083F6LYB-20220424</pos49><pos50>AA22083F87QS-20220424</pos50><pos51>AA22083F9Q2J-20220327</pos51><pos52>AA22083FDB9N-20220424</pos52><pos53>AA22083FF7BB-20220424</pos53><pos54>AA22083FGXVR-20220424</pos54><pos55>AA22083FJD5S-20220424</pos55><pos56>AA22083FR2JG-20221122</pos56><pos57>AA22083FSW3H-20220622</pos57><pos58>AA22083FYS8H-20230324</pos58><pos59>AA22083FZVCR-20220424</pos59><pos60>AA22083G66MH-20220622</pos60><pos61>AA22083G8QXR-20220423</pos61></row></root>
1.10191E+11,INSERTING on FBNK_AA_NEXT_LEVEL_000,<root/>
1.10191E+11,UPDATING on F_EB_JOURNAL_SUMMAR000,<root><row><pos1>USD</pos1><pos2>AA</pos2><pos3>-2.86</pos3><pos4>2.86</pos4><pos5>0</pos5></row></root>
1.10191E+11,UPDATING on F_JOB_LIST_1,<root><row><pos1>AA220837MK3L-20220622</pos1><pos2>AA2208382885-20220424</pos2><pos3>AA2208383RK9-20220622</pos3><pos4>AA2208384PPB-20220922</pos4><pos5>AA2208385M2Z-20220424</pos5><pos6>AA220838D13Z-20220419</pos6><pos7>AA220838D2WD-20220624</pos7><pos8>AA220838HNW0-20220424</pos8><pos9>AA220838LX7X-20220501</pos9><pos10>AA220838N4JN-20220424</pos10><pos11>AA2208390GNX-20220601</pos11><pos12>AA2208392CD6-20220624</pos12><pos13>AA2208394V1J-20220922</pos13><pos14>AA22083953D0-20220624</pos14><pos15>AA22083994G5-20220622</pos15><pos16>AA2208399HLY-20220425</pos16><pos17>AA220839CWXX-20230324</pos17><pos18>AA220839NNLF-20220624</pos18><pos19>AA220839PY8S-20230322</pos19><pos20>AA220839TWDY-20220424</pos20><pos21>AA220839V8C9-20230317</pos21><pos22>AA22083B4S42-20220424</pos22><pos23>AA22083BNC39-20220424</pos23><pos24>AA22083C29H3-20220622</pos24><pos25>AA22083CBC6Q-20220424</pos25><pos26>AA22083CD4SB-20220424</pos26><pos27>AA22083CFPLW-20220419</pos27><pos28>AA22083CGCQZ-20230324</pos28><pos29>AA22083CK148-20220622</pos29><pos30>AA22083CKG8R-20230324</pos30><pos31>AA22083CKHXP-20220601</pos31><pos32>AA22083CLKNF-20220922</pos32><pos33>AA22083CLYMT-20240322</pos33><pos34>AA22083CMNQG-20220424</pos34><pos35>AA22083CPW4B-20220424</pos35><pos36>AA22083CY8B1-20220624</pos36><pos37>AA22083D0GJX-20220624</pos37><pos38>AA22083D2HDP-20220630</pos38><pos39>AA22083D4295-20220624</pos39><pos40>AA22083D53BT-20220622</pos40><pos41>AA22083DFV2Y-20220424</pos41><pos42>AA22083DH7XQ-20230324</pos42><pos43>AA22083DJ9SC-20220624</pos43><pos44>AA22083DVXLV-20230324</pos44><pos45>AA22083DXTSF-20220601</pos45><pos46>AA22083DZFXC-20220424</pos46><pos47>AA22083DZH3B-20220624</pos47><pos48>AA22083F6LYB-20220424</pos48><pos49>AA22083F87QS-20220424</pos49><pos50>AA22083F9Q2J-20220327</pos50><pos51>AA22083FDB9N-20220424</pos51><pos52>AA22083FF7BB-20220424</pos52><pos53>AA22083FGXVR-20220424</pos53><pos54>AA22083FJD5S-20220424</pos54><pos55>AA22083FR2JG-20221122</pos55><pos56>AA22083FSW3H-20220622</pos56><pos57>AA22083FYS8H-20230324</pos57><pos58>AA22083FZVCR-20220424</pos58><pos59>AA22083G66MH-20220622</pos59><pos60>AA22083G8QXR-20220423</pos60></row></root>
1.10271E+11,UPDATING on F_EB_JOURNAL_SUMMAR000,<root><row><pos1>USD</pos1><pos2>AA</pos2><pos3>-1333.06</pos3><pos4>1333.06</pos4><pos5>0</pos5></row></root>
1.10271E+11,UPDATING on F_JOB_LIST_1,<root><row><pos1>AA2208382885-20220424</pos1><pos2>AA2208383RK9-20220622</pos2><pos3>AA2208384PPB-20220922</pos3><pos4>AA2208385M2Z-20220424</pos4><pos5>AA220838D13Z-20220419</pos5><pos6>AA220838D2WD-20220624</pos6><pos7>AA220838HNW0-20220424</pos7><pos8>AA220838LX7X-20220501</pos8><pos9>AA220838N4JN-20220424</pos9><pos10>AA2208390GNX-20220601</pos10><pos11>AA2208392CD6-20220624</pos11><pos12>AA2208394V1J-20220922</pos12><pos13>AA22083953D0-20220624</pos13><pos14>AA22083994G5-20220622</pos14><pos15>AA2208399HLY-20220425</pos15><pos16>AA220839CWXX-20230324</pos16><pos17>AA220839NNLF-20220624</pos17><pos18>AA220839PY8S-20230322</pos18><pos19>AA220839TWDY-20220424</pos19><pos20>AA220839V8C9-20230317</pos20><pos21>AA22083B4S42-20220424</pos21><pos22>AA22083BNC39-20220424</pos22><pos23>AA22083C29H3-20220622</pos23><pos24>AA22083CBC6Q-20220424</pos24><pos25>AA22083CD4SB-20220424</pos25><pos26>AA22083CFPLW-20220419</pos26><pos27>AA22083CGCQZ-20230324</pos27><pos28>AA22083CK148-20220622</pos28><pos29>AA22083CKG8R-20230324</pos29><pos30>AA22083CKHXP-20220601</pos30><pos31>AA22083CLKNF-20220922</pos31><pos32>AA22083CLYMT-20240322</pos32><pos33>AA22083CMNQG-20220424</pos33><pos34>AA22083CPW4B-20220424</pos34><pos35>AA22083CY8B1-20220624</pos35><pos36>AA22083D0GJX-20220624</pos36><pos37>AA22083D2HDP-20220630</pos37><pos38>AA22083D4295-20220624</pos38><pos39>AA22083D53BT-20220622</pos39><pos40>AA22083DFV2Y-20220424</pos40><pos41>AA22083DH7XQ-20230324</pos41><pos42>AA22083DJ9SC-20220624</pos42><pos43>AA22083DVXLV-20230324</pos43><pos44>AA22083DXTSF-20220601</pos44><pos45>AA22083DZFXC-20220424</pos45><pos46>AA22083DZH3B-20220624</pos46><pos47>AA22083F6LYB-20220424</pos47><pos48>AA22083F87QS-20220424</pos48><pos49>AA22083F9Q2J-20220327</pos49><pos50>AA22083FDB9N-20220424</pos50><pos51>AA22083FF7BB-20220424</pos51><pos52>AA22083FGXVR-20220424</pos52><pos53>AA22083FJD5S-20220424</pos53><pos54>AA22083FR2JG-20221122</pos54><pos55>AA22083FSW3H-20220622</pos55><pos56>AA22083FYS8H-20230324</pos56><pos57>AA22083FZVCR-20220424</pos57><pos58>AA22083G66MH-20220622</pos58><pos59>AA22083G8QXR-20220423</pos59></row></root>
803076485,UPDATING on F_BATCH_STATUS,<root><row><pos1>processing202211516231681470683.714</pos1></row></root>
9010118042,UPDATING on F_EB_JOURNAL_SUMMAR000,<root><row><pos1>USD</pos1><pos2>AA</pos2><pos3>-1333.16</pos3><pos4>1333.16</pos4><pos5>0</pos5></row></root>
9010118042,UPDATING on F_JOB_LIST_1,<root><row><pos1>AA22083MNB0X-20220422</pos1><pos2>AA22083MNS58-20230317</pos2><pos3>AA22083MQS2T-20230324</pos3><pos4>AA22083MT8JW-20220424</pos4><pos5>AA22083N1D31-20221122</pos5><pos6>AA22083N1YKT-20220424</pos6><pos7>AA22083N732G-20220424</pos7><pos8>AA22083N84SL-20220424</pos8><pos9>AA22083ND969-20220424</pos9><pos10>AA22083NHLYS-20220622</pos10><pos11>AA22083NMBG7-20220419</pos11><pos12>AA22083NP1ZJ-20220419</pos12><pos13>AA22083P5GJP-20220924</pos13><pos14>AA22083P79WD-20220624</pos14><pos15>AA22083P8P8X-20270322</pos15><pos16>AA22083PCDN0-20230324</pos16><pos17>AA22083PD104-20240322</pos17><pos18>AA22083PF5DL-20220424</pos18><pos19>AA22083PKJ5M-20220430</pos19><pos20>AA22083PN2Q1-20220424</pos20><pos21>AA22083PR0HY-20220424</pos21><pos22>AA22083PRPJZ-20220424</pos22><pos23>AA22083PSTK1-20220424</pos23><pos24>AA22083PXQJ8-20250322</pos24><pos25>AA22083Q0H4D-20220424</pos25><pos26>AA22083Q3Z73-20220624</pos26><pos27>AA22083Q8GKR-20220424</pos27><pos28>AA22083QJF3D-20220424</pos28><pos29>AA22083QJRW7-20220624</pos29><pos30>AA22083QP1BB-20220424</pos30><pos31>AA22083QQC96-20230324</pos31><pos32>AA22083QVGQ9-20220422</pos32><pos33>AA22083QWPNM-20230324</pos33><pos34>AA22083QX7X7-20230324</pos34><pos35>AA22083QYLLV-20220422</pos35><pos36>AA22083QZ86V-20230324</pos36><pos37>AA22083R03SL-20220601</pos37><pos38>AA22083RBS3T-20230324</pos38><pos39>AA22083RC4KG-20220424</pos39><pos40>AA22083RH7CM-20230401</pos40><pos41>AA22083RJ3YH-20220924</pos41><pos42>AA22083RP50W-20230324</pos42><pos43>AA22083RPKB9-20220424</pos43><pos44>AA22083RR5SZ-20220922</pos44><pos45>AA22083RR67T-20230322</pos45><pos46>AA22083RRZ00-20220424</pos46><pos47>AA22083RT63F-20230324</pos47><pos48>AA22083RXKGT-20230324</pos48></row></root>
4019074763,UPDATING on F_EB_JOURNAL_SUMMAR000,<root><row><pos1>USD</pos1><pos2>AA</pos2><pos3>-1432.7</pos3><pos4>1432.7</pos4><pos5>0</pos5></row></root>
4019074763,UPDATING on F_JOB_LIST_1,<root><row><pos1>AA22083MNS58-20230317</pos1><pos2>AA22083MQS2T-20230324</pos2><pos3>AA22083MT8JW-20220424</pos3><pos4>AA22083N1D31-20221122</pos4><pos5>AA22083N1YKT-20220424</pos5><pos6>AA22083N732G-20220424</pos6><pos7>AA22083N84SL-20220424</pos7><pos8>AA22083ND969-20220424</pos8><pos9>AA22083NHLYS-20220622</pos9><pos10>AA22083NMBG7-20220419</pos10><pos11>AA22083NP1ZJ-20220419</pos11><pos12>AA22083P5GJP-20220924</pos12><pos13>AA22083P79WD-20220624</pos13><pos14>AA22083P8P8X-20270322</pos14><pos15>AA22083PCDN0-20230324</pos15><pos16>AA22083PD104-20240322</pos16><pos17>AA22083PF5DL-20220424</pos17><pos18>AA22083PKJ5M-20220430</pos18><pos19>AA22083PN2Q1-20220424</pos19><pos20>AA22083PR0HY-20220424</pos20><pos21>AA22083PRPJZ-20220424</pos21><pos22>AA22083PSTK1-20220424</pos22><pos23>AA22083PXQJ8-20250322</pos23><pos24>AA22083Q0H4D-20220424</pos24><pos25>AA22083Q3Z73-20220624</pos25><pos26>AA22083Q8GKR-20220424</pos26><pos27>AA22083QJF3D-20220424</pos27><pos28>AA22083QJRW7-20220624</pos28><pos29>AA22083QP1BB-20220424</pos29><pos30>AA22083QQC96-20230324</pos30><pos31>AA22083QVGQ9-20220422</pos31><pos32>AA22083QWPNM-20230324</pos32><pos33>AA22083QX7X7-20230324</pos33><pos34>AA22083QYLLV-20220422</pos34><pos35>AA22083QZ86V-20230324</pos35><pos36>AA22083R03SL-20220601</pos36><pos37>AA22083RBS3T-20230324</pos37><pos38>AA22083RC4KG-20220424</pos38><pos39>AA22083RH7CM-20230401</pos39><pos40>AA22083RJ3YH-20220924</pos40><pos41>AA22083RP50W-20230324</pos41><pos42>AA22083RPKB9-20220424</pos42><pos43>AA22083RR5SZ-20220922</pos43><pos44>AA22083RR67T-20230322</pos44><pos45>AA22083RRZ00-20220424</pos45><pos46>AA22083RT63F-20230324</pos46><pos47>AA22083RXKGT-20230324</pos47></row></root>
1.10241E+11,UPDATING on F_JOB_LIST_1,<root><row><pos1>AA22083MQS2T-20230324</pos1><pos2>AA22083MT8JW-20220424</pos2><pos3>AA22083N1D31-20221122</pos3><pos4>AA22083N1YKT-20220424</pos4><pos5>AA22083N732G-20220424</pos5><pos6>AA22083N84SL-20220424</pos6><pos7>AA22083ND969-20220424</pos7><pos8>AA22083NHLYS-20220622</pos8><pos9>AA22083NMBG7-20220419</pos9><pos10>AA22083NP1ZJ-20220419</pos10><pos11>AA22083P5GJP-20220924</pos11><pos12>AA22083P79WD-20220624</pos12><pos13>AA22083P8P8X-20270322</pos13><pos14>AA22083PCDN0-20230324</pos14><pos15>AA22083PD104-20240322</pos15><pos16>AA22083PF5DL-20220424</pos16><pos17>AA22083PKJ5M-20220430</pos17><pos18>AA22083PN2Q1-20220424</pos18><pos19>AA22083PR0HY-20220424</pos19><pos20>AA22083PRPJZ-20220424</pos20><pos21>AA22083PSTK1-20220424</pos21><pos22>AA22083PXQJ8-20250322</pos22><pos23>AA22083Q0H4D-20220424</pos23><pos24>AA22083Q3Z73-20220624</pos24><pos25>AA22083Q8GKR-20220424</pos25><pos26>AA22083QJF3D-20220424</pos26><pos27>AA22083QJRW7-20220624</pos27><pos28>AA22083QP1BB-20220424</pos28><pos29>AA22083QQC96-20230324</pos29><pos30>AA22083QVGQ9-20220422</pos30><pos31>AA22083QWPNM-20230324</pos31><pos32>AA22083QX7X7-20230324</pos32><pos33>AA22083QYLLV-20220422</pos33><pos34>AA22083QZ86V-20230324</pos34><pos35>AA22083R03SL-20220601</pos35><pos36>AA22083RBS3T-20230324</pos36><pos37>AA22083RC4KG-20220424</pos37><pos38>AA22083RH7CM-20230401</pos38><pos39>AA22083RJ3YH-20220924</pos39><pos40>AA22083RP50W-20230324</pos40><pos41>AA22083RPKB9-20220424</pos41><pos42>AA22083RR5SZ-20220922</pos42><pos43>AA22083RR67T-20230322</pos43><pos44>AA22083RRZ00-20220424</pos44><pos45>AA22083RT63F-20230324</pos45><pos46>AA22083RXKGT-20230324</pos46></row></root>
1.10281E+11,UPDATING on F_JOB_LIST_1,<root><row><pos1>AA22083MT8JW-20220424</pos1><pos2>AA22083N1D31-20221122</pos2><pos3>AA22083N1YKT-20220424</pos3><pos4>AA22083N732G-20220424</pos4><pos5>AA22083N84SL-20220424</pos5><pos6>AA22083ND969-20220424</pos6><pos7>AA22083NHLYS-20220622</pos7><pos8>AA22083NMBG7-20220419</pos8><pos9>AA22083NP1ZJ-20220419</pos9><pos10>AA22083P5GJP-20220924</pos10><pos11>AA22083P79WD-20220624</pos11><pos12>AA22083P8P8X-20270322</pos12><pos13>AA22083PCDN0-20230324</pos13><pos14>AA22083PD104-20240322</pos14><pos15>AA22083PF5DL-20220424</pos15><pos16>AA22083PKJ5M-20220430</pos16><pos17>AA22083PN2Q1-20220424</pos17><pos18>AA22083PR0HY-20220424</pos18><pos19>AA22083PRPJZ-20220424</pos19><pos20>AA22083PSTK1-20220424</pos20><pos21>AA22083PXQJ8-20250322</pos21><pos22>AA22083Q0H4D-20220424</pos22><pos23>AA22083Q3Z73-20220624</pos23><pos24>AA22083Q8GKR-20220424</pos24><pos25>AA22083QJF3D-20220424</pos25><pos26>AA22083QJRW7-20220624</pos26><pos27>AA22083QP1BB-20220424</pos27><pos28>AA22083QQC96-20230324</pos28><pos29>AA22083QVGQ9-20220422</pos29><pos30>AA22083QWPNM-20230324</pos30><pos31>AA22083QX7X7-20230324</pos31><pos32>AA22083QYLLV-20220422</pos32><pos33>AA22083QZ86V-20230324</pos33><pos34>AA22083R03SL-20220601</pos34><pos35>AA22083RBS3T-20230324</pos35><pos36>AA22083RC4KG-20220424</pos36><pos37>AA22083RH7CM-20230401</pos37><pos38>AA22083RJ3YH-20220924</pos38><pos39>AA22083RP50W-20230324</pos39><pos40>AA22083RPKB9-20220424</pos40><pos41>AA22083RR5SZ-20220922</pos41><pos42>AA22083RR67T-20230322</pos42><pos43>AA22083RRZ00-20220424</pos43><pos44>AA22083RT63F-20230324</pos44><pos45>AA22083RXKGT-20230324</pos45></row></root>
11020702674,UPDATING on F_BATCH_STATUS,<root><row><pos1>processing202211516231681470683.714</pos1></row></root>
1.10211E+11,DELETING on FBNK_AA_NEXT_LEVEL_000,<root/>
1.10211E+11,DELETING on F_JOB_LIST_1,<root><row><pos1>AA22080328T0-1</pos1></row></root>
1.10191E+11,DELETING on FBNK_AA_NEXT_LEVEL_000,<root/>
1.10191E+11,DELETING on F_JOB_LIST_1,<root><row><pos1>AA22080352KD-1</pos1></row></root>
4012074744,UPDATING on F_EB_JOURNAL_SUMMAR000,<root><row><pos1>USD</pos1><pos2>AA</pos2><pos3>-2048.12</pos3><pos4>2048.12</pos4><pos5>0</pos5></row></root>
4012074744,DELETING on FBNK_AA_NEXT_LEVEL_000,<root/>
2024074606,UPDATING on F_BATCH_STATUS,<root><row><pos1>processing202211516231681470683.714</pos1></row></root>
11090702720,UPDATING on F_BATCH_STATUS,<root><row><pos1>processed</pos1></row></root>
1.10311E+11,INSERTING on F_TEC_OUTPUT,<root><row><pos1>JOB.FINISHED0</pos1><pos2>S500</pos2><pos3></pos3><pos4>1</pos4><pos5>GB0010001_20220419-BNK/AA.EOD.PROCESS_AA.SERVICE.PROCESS_10</pos5><pos6>1</pos6><pos7>1</pos7><pos8></pos8><pos9>1</pos9><pos10>GB0010001_20220419-BNK/AA.EOD.PROCESS_AA.SERVICE.PROCESS_10</pos10><pos11>0</pos11><pos12>AA.SERVICE.PROCESS</pos12><pos13>vivekuchil</pos13><pos14>20548</pos14><pos15>65535576</pos15><pos16>65535234</pos16><pos17>65541319</pos17><pos18>JOB.FINISHED</pos18><pos19>0</pos19><pos20>65535576</pos20><pos21>65535576</pos21></row></root>
11040702662,INSERTING on F_TEC_OUTPUT_HISTORY,<root><row><pos1>20220419</pos1><pos2>1</pos2><pos3>1</pos3><pos4>GB0010001_20220419-BNK/AA.EOD.PROCESS_AA.SERVICE.PROCESS_10</pos4><pos5>1</pos5></row></root>
1.10101E+11,INSERTING on F_JOB_LIST_1,<root><row><pos1>AA2208003RJV-1</pos1></row></root>
1.10101E+11,INSERTING on F_JOB_LIST_1,<root><row><pos1>AA220800BMPR-1</pos1></row></root>
1.10101E+11,INSERTING on F_JOB_LIST_1,<root><row><pos1>AA220800DW0S-1</pos1></row></root>
1.10101E+11,INSERTING on F_JOB_LIST_1,<root><row><pos1>AA220800JS0K-1</pos1></row></root>
1.10101E+11,INSERTING on F_JOB_LIST_1,<root><row><pos1>AA220800Z2CD-1</pos1></row></root>
1.10101E+11,INSERTING on F_JOB_LIST_1,<root><row><pos1>AA22080139PG-1</pos1></row></root>
1.10101E+11,INSERTING on F_JOB_LIST_1,<root><row><pos1>AA2208013D22-1</pos1></row></root>
1.10101E+11,INSERTING on F_JOB_LIST_1,<root><row><pos1>AA2208013VS5-1</pos1></row></root>
1.10101E+11,INSERTING on F_JOB_LIST_1,<root><row><pos1>AA22080188CF-1</pos1></row></root>
1.10101E+11,INSERTING on F_JOB_LIST_1,<root><row><pos1>AA220801CP5Z-1</pos1></row></root>
1.10101E+11,INSERTING on F_JOB_LIST_1,<root><row><pos1>AA220801SJK5-1</pos1></row></root>
1.10101E+11,INSERTING on F_JOB_LIST_1,<root><row><pos1>AA2208028Y0X-1</pos1></row></root>
1.10101E+11,INSERTING on F_JOB_LIST_1,<root><row><pos1>AA220802919W-1</pos1></row></root>
1.10101E+11,INSERTING on F_JOB_LIST_1,<root><row><pos1>AA220802W37R-1</pos1></row></root>
1.10101E+11,INSERTING on F_JOB_LIST_1,<root><row><pos1>AA22080328T0-1</pos1></row></root>
1.10101E+11,INSERTING on F_JOB_LIST_1,<root><row><pos1>AA22080352KD-1</pos1></row></root>
1.10101E+11,INSERTING on F_JOB_LIST_1,<root><row><pos1>AA220803RD24-1</pos1></row></root>
1.10101E+11,INSERTING on F_JOB_LIST_1,<root><row><pos1>AA2208049LYG-1</pos1></row></root>
1.10101E+11,INSERTING on F_JOB_LIST_1,<root><row><pos1>AA220804HML8-1</pos1></row></root>
1.10101E+11,INSERTING on F_JOB_LIST_1,<root><row><pos1>AA220804MNJW-1</pos1></row></root>
1.10101E+11,INSERTING on F_JOB_LIST_1,<root><row><pos1>AA2208055K46-1</pos1></row></root>
1.10101E+11,INSERTING on F_JOB_LIST_1,<root><row><pos1>AA2208058ML5-1</pos1></row></root>
1.10101E+11,INSERTING on F_JOB_LIST_1,<root><row><pos1>AA220805F12W-1</pos1></row></root>
1.10101E+11,INSERTING on F_JOB_LIST_1,<root><row><pos1>AA220805JP3X-1</pos1></row></root>
1.10101E+11,INSERTING on F_JOB_LIST_1,<root><row><pos1>AA220805MK0V-1</pos1></row></root>
1.10101E+11,INSERTING on F_JOB_LIST_1,<root><row><pos1>AA220805RKK4-1</pos1></row></root>
1.10101E+11,INSERTING on F_JOB_LIST_1,<root><row><pos1>AA220805RY2P-1</pos1></row></root>
1.10101E+11,INSERTING on F_JOB_LIST_1,<root><row><pos1>AA2208063R3M-1</pos1></row></root>
1.10101E+11,INSERTING on F_JOB_LIST_1,<root><row><pos1>AA2208065Z54-1</pos1></row></root>
1.10101E+11,INSERTING on F_JOB_LIST_1,<root><row><pos1>AA220806T9G6-1</pos1></row></root>
1.10101E+11,INSERTING on F_JOB_LIST_1,<root><row><pos1>AA220806VG81-1</pos1></row></root>
1.10101E+11,INSERTING on F_JOB_LIST_1,<root><row><pos1>AA220807362R-1</pos1></row></root>
1.10101E+11,INSERTING on F_JOB_LIST_1,<root><row><pos1>AA2208073JBR-1</pos1></row></root>
1.10101E+11,INSERTING on F_JOB_LIST_1,<root><row><pos1>AA220807JPB9-1</pos1></row></root>
1.10101E+11,INSERTING on F_JOB_LIST_1,<root><row><pos1>AA22080829VZ-1</pos1></row></root>
1.10101E+11,INSERTING on F_JOB_LIST_1,<root><row><pos1>AA22080829YN-1</pos1></row></root>
1.10101E+11,INSERTING on F_JOB_LIST_1,<root><row><pos1>AA220808G29Q-1</pos1></row></root>
1.10101E+11,INSERTING on F_JOB_LIST_1,<root><row><pos1>AA220808PH3Y-1</pos1></row></root>
1.10101E+11,INSERTING on F_JOB_LIST_1,<root><row><pos1>AA220808TH41-1</pos1></row></root>
1.10101E+11,INSERTING on F_JOB_LIST_1,<root><row><pos1>AA2208090P02-1</pos1></row></root>
1.10101E+11,INSERTING on F_JOB_LIST_1,<root><row><pos1>AA2208094CT4-1</pos1></row></root>
1.10101E+11,INSERTING on F_JOB_LIST_1,<root><row><pos1>AA2208096GZQ-1</pos1></row></root>
1.10101E+11,INSERTING on F_JOB_LIST_1,<root><row><pos1>AA2208098BKN-1</pos1></row></root>
1.10101E+11,INSERTING on F_JOB_LIST_1,<root><row><pos1>AA2208099FL2-1</pos1></row></root>
1.10101E+11,INSERTING on F_JOB_LIST_1,<root><row><pos1>AA220809D5QL-1</pos1></row></root>
1.10101E+11,INSERTING on F_JOB_LIST_1,<root><row><pos1>AA22080B7W97-1</pos1></row></root>
1.10101E+11,INSERTING on F_JOB_LIST_1,<root><row><pos1>AA22080BXCK9-1</pos1></row></root>
1.10101E+11,INSERTING on F_JOB_LIST_1,<root><row><pos1>AA22080C3T5Z-1</pos1></row></root>
1.10101E+11,INSERTING on F_JOB_LIST_1,<root><row><pos1>AA22080CJYVR-1</pos1></row></root>
1.10101E+11,INSERTING on F_JOB_LIST_1,<root><row><pos1>AA22080CLL0Z-1</pos1></row></root>
1.10101E+11,INSERTING on F_JOB_LIST_1,<root><row><pos1>AA22080CRS1W-1</pos1></row></root>
1.10101E+11,INSERTING on F_JOB_LIST_1,<root><row><pos1>AA22080CTFYF-1</pos1></row></root>
1.10101E+11,INSERTING on F_JOB_LIST_1,<root><row><pos1>AA22080DLQPR-1</pos1></row></root>
1.10101E+11,INSERTING on F_JOB_LIST_1,<root><row><pos1>AA22080DSD19-1</pos1></row></root>
1.10101E+11,INSERTING on F_JOB_LIST_1,<root><row><pos1>AA22080FKRGH-1</pos1></row></root>
1.10101E+11,INSERTING on F_JOB_LIST_1,<root><row><pos1>AA22080FWFBM-1</pos1></row></root>
1.10101E+11,INSERTING on F_JOB_LIST_1,<root><row><pos1>AA22080FZJB2-1</pos1></row></root>
1.10101E+11,INSERTING on F_JOB_LIST_1,<root><row><pos1>AA22080G3VHZ-1</pos1></row></root>
1.10101E+11,INSERTING on F_JOB_LIST_1,<root><row><pos1>AA22080GBXFM-1</pos1></row></root>
1.10101E+11,INSERTING on F_JOB_LIST_1,<root><row><pos1>AA22080GS4C3-1</pos1></row></root>
1.10101E+11,INSERTING on F_JOB_LIST_1,<root><row><pos1>AA22080GY1SV-1</pos1></row></root>
1.10101E+11,INSERTING on F_JOB_LIST_1,<root><row><pos1>AA22080H0QSG-1</pos1></row></root>
1.10101E+11,INSERTING on F_JOB_LIST_1,<root><row><pos1>AA22080H10YC-1</pos1></row></root>
1.10101E+11,INSERTING on F_JOB_LIST_1,<root><row><pos1>AA22080H6C1J-1</pos1></row></root>
1.10101E+11,INSERTING on F_JOB_LIST_1,<root><row><pos1>AA22080H95Z2-1</pos1></row></root>
1.10101E+11,INSERTING on F_JOB_LIST_1,<root><row><pos1>AA22080H9LZP-1</pos1></row></root>
1.10101E+11,INSERTING on F_JOB_LIST_1,<root><row><pos1>AA22080HPFLM-1</pos1></row></root>
1.10101E+11,INSERTING on F_JOB_LIST_1,<root><row><pos1>AA22080HPZ5L-1</pos1></row></root>
1.10101E+11,INSERTING on F_JOB_LIST_1,<root><row><pos1>AA22080J56WP-1</pos1></row></root>
1.10101E+11,INSERTING on F_JOB_LIST_1,<root><row><pos1>AA22080JJ7QP-1</pos1></row></root>
1.10101E+11,INSERTING on F_JOB_LIST_1,<root><row><pos1>AA22080JKRTY-1</pos1></row></root>
1.10101E+11,INSERTING on F_JOB_LIST_1,<root><row><pos1>AA22080K3PS2-1</pos1></row></root>
1.10101E+11,INSERTING on F_JOB_LIST_1,<root><row><pos1>AA22080KF0KW-1</pos1></row></root>
1.10101E+11,INSERTING on F_JOB_LIST_1,<root><row><pos1>AA22080KWQ97-1</pos1></row></root>
1.10101E+11,INSERTING on F_JOB_LIST_1,<root><row><pos1>AA22080LV4QJ-1</pos1></row></root>
1.10101E+11,INSERTING on F_JOB_LIST_1,<root><row><pos1>AA22080LZC8F-1</pos1></row></root>
1.10101E+11,INSERTING on F_JOB_LIST_1,<root><row><pos1>AA22080MFTNK-1</pos1></row></root>
1.10101E+11,INSERTING on F_JOB_LIST_1,<root><row><pos1>AA22080MH648-1</pos1></row></root>
1.10101E+11,INSERTING on F_JOB_LIST_1,<root><row><pos1>AA22080MJ0QL-1</pos1></row></root>
1.10101E+11,INSERTING on F_JOB_LIST_1,<root><row><pos1>AA22080MN9LD-1</pos1></row></root>
1.10101E+11,INSERTING on F_JOB_LIST_1,<root><row><pos1>AA22080MSGHC-1</pos1></row></root>
1.10101E+11,INSERTING on F_JOB_LIST_1,<root><row><pos1>AA22080N4P17-1</pos1></row></root>
1.10101E+11,INSERTING on F_JOB_LIST_1,<root><row><pos1>AA22080N6XPH-1</pos1></row></root>
1.10101E+11,INSERTING on F_JOB_LIST_1,<root><row><pos1>AA22080N9BFW-1</pos1></row></root>
1.10101E+11,INSERTING on F_JOB_LIST_1,<root><row><pos1>AA22080NB14T-1</pos1></row></root>
1.10101E+11,INSERTING on F_JOB_LIST_1,<root><row><pos1>AA22080NHCF3-1</pos1></row></root>
1.10101E+11,INSERTING on F_JOB_LIST_1,<root><row><pos1>AA22080NNP95-1</pos1></row></root>
1.10101E+11,INSERTING on F_JOB_LIST_1,<root><row><pos1>AA22080NSD9F-1</pos1></row></root>
1.10101E+11,INSERTING on F_JOB_LIST_1,<root><row><pos1>AA22080NST2S-1</pos1></row></root>
1.10101E+11,INSERTING on F_JOB_LIST_1,<root><row><pos1>AA22080P16LK-1</pos1></row></root>
1.10101E+11,INSERTING on F_JOB_LIST_1,<root><row><pos1>AA22080P2HY9-1</pos1></row></root>
1.10101E+11,INSERTING on F_JOB_LIST_1,<root><row><pos1>AA22080P5ZNN-1</pos1></row></root>
1.10101E+11,INSERTING on F_JOB_LIST_1,<root><row><pos1>AA22080P7YY2-1</pos1></row></root>
1.10101E+11,INSERTING on F_JOB_LIST_1,<root><row><pos1>AA22080PJZ6L-1</pos1></row></root>
1.10101E+11,INSERTING on F_JOB_LIST_1,<root><row><pos1>AA22080PV4P0-1</pos1></row></root>
1.10101E+11,INSERTING on F_JOB_LIST_1,<root><row><pos1>AA22080Q09B6-1</pos1></row></root>
1.10101E+11,INSERTING on F_JOB_LIST_1,<root><row><pos1>AA22080Q0V2R-1</pos1></row></root>
1.10101E+11,INSERTING on F_JOB_LIST_1,<root><row><pos1>AA22080QJ3NW-1</pos1></row></root>
1.10101E+11,INSERTING on F_JOB_LIST_1,<root><row><pos1>AA22080QJ4RZ-1</pos1></row></root>
1.10101E+11,INSERTING on F_JOB_LIST_1,<root><row><pos1>AA22080QN190-1</pos1></row></root>
1.10101E+11,INSERTING on F_JOB_LIST_1,<root><row><pos1>AA22080QQ8GM-1</pos1><pos2>AA22080QV596-1</pos2><pos3>AA22080QXCNF-1</pos3><pos4>AA22080R3LQG-1</pos4><pos5>AA22080R3YYF-1</pos5><pos6>AA22080RGLBL-1</pos6><pos7>AA22080RQD8G-1</pos7><pos8>AA22080RQLL2-1</pos8><pos9>AA22080RSFRM-1</pos9><pos10>AA22080S1W01-1</pos10></row></root>
1.10101E+11,INSERTING on F_JOB_LIST_1,<root><row><pos1>AA22080S352S-1</pos1><pos2>AA22080SC57M-1</pos2><pos3>AA22080SCGCJ-1</pos3><pos4>AA2208725LJZ-1</pos4><pos5>AA220872BV2H-1</pos5><pos6>AA220872KWMM-1</pos6><pos7>AA220872N89X-1</pos7><pos8>AA220872PDZC-1</pos8><pos9>AA220872X7B0-1</pos9><pos10>AA220873Z037-1</pos10></row></root>
1.10101E+11,INSERTING on F_JOB_LIST_1,<root><row><pos1>AA22087480LQ-1</pos1><pos2>AA220874CZ6W-1</pos2><pos3>AA220874WXHF-1</pos3><pos4>AA2208765415-1</pos4><pos5>AA220876DL5S-1</pos5><pos6>AA220876TL57-1</pos6><pos7>AA220877BLK2-1</pos7><pos8>AA220877K496-1</pos8><pos9>AA220877TWDQ-1</pos9><pos10>AA220878TB02-1</pos10></row></root>
1.10101E+11,INSERTING on F_JOB_LIST_1,<root><row><pos1>AA2208792JNV-1</pos1><pos2>AA220879BVD1-1</pos2><pos3>AA220879MHS5-1</pos3><pos4>AA22087BV7XV-1</pos4><pos5>AA22087C6KW2-1</pos5><pos6>AA22087CCSYT-1</pos6><pos7>AA22087CDKZ0-1</pos7><pos8>AA22087CG0CH-1</pos8><pos9>AA22087CQMVP-1</pos9><pos10>AA22087CZ58Z-1</pos10></row></root>
1.10281E+11,UPDATING on F_EB_JOURNAL_SUMMAR000,<root><row><pos1>USD</pos1><pos2>AA</pos2><pos3>-4232.7</pos3><pos4>4232.7</pos4><pos5>0</pos5></row></root>
1.10281E+11,DELETING on FBNK_AA_NEXT_LEVEL_000,<root/>
1.10281E+11,DELETING on F_JOB_LIST_1,<root><row><pos1>AA22087R0CNS-3</pos1></row></root>
1.10121E+11,UPDATING on F_EB_JOURNAL_SUMMAR000,<root><row><pos1>USD</pos1><pos2>AA</pos2><pos3>-4340.28</pos3><pos4>4340.28</pos4><pos5>0</pos5></row></root>
1.10121E+11,DELETING on FBNK_AA_NEXT_LEVEL_000,<root/>
1.10121E+11,DELETING on F_JOB_LIST_1,<root><row><pos1>AA22087R29GW-3</pos1></row></root>
90290117933,DELETING on FBNK_AA_NEXT_LEVEL_000,<root/>
90290117933,DELETING on F_JOB_LIST_1,<root><row><pos1>AA22087SRCK1-3</pos1></row></root>
8011076505,DELETING on FBNK_AA_NEXT_LEVEL_000,<root/>
8011076505,DELETING on F_JOB_LIST_1,<root><row><pos1>AA22087VLBX4-3</pos1></row></root>
1032074229,UPDATING on F_EB_JOURNAL_SUMMAR000,<root><row><pos1>USD</pos1><pos2>AA</pos2><pos3>-4368.06</pos3><pos4>4368.06</pos4><pos5>0</pos5></row></root>
1032074229,DELETING on FBNK_AA_NEXT_LEVEL_000,<root/>
1032074229,DELETING on F_JOB_LIST_1,<root><row><pos1>AA22091HTLJF-3</pos1></row></root>
9050118005,UPDATING on F_EB_JOURNAL_SUMMAR000,<root><row><pos1>USD</pos1><pos2>AA</pos2><pos3>-4580.46</pos3><pos4>4580.46</pos4><pos5>0</pos5></row></root>
9050118005,DELETING on FBNK_AA_NEXT_LEVEL_000,<root/>
9050118005,DELETING on F_JOB_LIST_1,<root><row><pos1>AA22091KK4BY-3</pos1></row></root>
11010702679,DELETING on FBNK_AA_NEXT_LEVEL_000,<root/>
11010702679,DELETING on F_JOB_LIST_1,<root><row><pos1>AA22091MP2PZ-3</pos1></row></root>
1.10151E+11,DELETING on FBNK_AA_NEXT_LEVEL_000,<root/>
1.10151E+11,DELETING on F_JOB_LIST_1,<root><row><pos1>AA22091TNS3Q-3</pos1></row></root>
1.10211E+11,UPDATING on F_EB_JOURNAL_SUMMAR000,<root><row><pos1>USD</pos1><pos2>AA</pos2><pos3>-4753.92</pos3><pos4>4753.92</pos4><pos5>0</pos5></row></root>
1.10211E+11,DELETING on FBNK_AA_NEXT_LEVEL_000,<root/>
1.10211E+11,DELETING on F_JOB_LIST_1,<root><row><pos1>AA220838D2WD-3</pos1></row></root>
11010702681,UPDATING on F_EB_JOURNAL_SUMMAR000,<root><row><pos1>USD</pos1><pos2>AA</pos2><pos3>-5206.1</pos3><pos4>5206.1</pos4><pos5>0</pos5></row></root>
11010702681,DELETING on FBNK_AA_NEXT_LEVEL_000,<root/>
11010702681,DELETING on F_JOB_LIST_1,<root><row><pos1>AA22083CK148-3</pos1></row></root>
402074785,UPDATING on F_EB_JOURNAL_SUMMAR000,<root><row><pos1>USD</pos1><pos2>AA</pos2><pos3>-5379.56</pos3><pos4>5379.56</pos4><pos5>0</pos5></row></root>
402074785,DELETING on FBNK_AA_NEXT_LEVEL_000,<root/>
402074785,DELETING on F_JOB_LIST_1,<root><row><pos1>AA22083D0GJX-3</pos1></row></root>
1.10211E+11,UPDATING on F_EB_JOURNAL_SUMMAR000,<root><row><pos1>USD</pos1><pos2>AA</pos2><pos3>-5553.02</pos3><pos4>5553.02</pos4><pos5>0</pos5></row></root>
1.10211E+11,DELETING on FBNK_AA_NEXT_LEVEL_000,<root/>
1.10211E+11,DELETING on F_JOB_LIST_1,<root><row><pos1>AA22083D53BT-3</pos1></row></root>
3028074820,UPDATING on F_EB_JOURNAL_SUMMAR000,<root><row><pos1>USD</pos1><pos2>AA</pos2><pos3>-5726.48</pos3><pos4>5726.48</pos4><pos5>0</pos5></row></root>
3028074820,DELETING on FBNK_AA_NEXT_LEVEL_000,<root/>
3028074820,DELETING on F_JOB_LIST_1,<root><row><pos1>AA22083YFCT0-3</pos1></row></root>
1.10261E+11,UPDATING on F_EB_JOURNAL_SUMMAR000,<root><row><pos1>USD</pos1><pos2>AA</pos2><pos3>-5762.16</pos3><pos4>5762.16</pos4><pos5>0</pos5></row></root>
1.10261E+11,DELETING on FBNK_AA_NEXT_LEVEL_000,<root/>
1.10261E+11,DELETING on F_JOB_LIST_1,<root><row><pos1>AA22083Z44WX-3</pos1></row></root>
505074991,UPDATING on F_EB_JOURNAL_SUMMAR000,<root><row><pos1>USD</pos1><pos2>AA</pos2><pos3>-6139.46</pos3><pos4>6139.46</pos4><pos5>0</pos5></row></root>
505074991,DELETING on FBNK_AA_NEXT_LEVEL_000,<root/>
505074991,DELETING on F_JOB_LIST_1,<root><row><pos1>AA22083ZXLZB-3</pos1></row></root>
1.10141E+11,DELETING on FBNK_AA_NEXT_LEVEL_000,<root/>
1.10141E+11,DELETING on F_JOB_LIST_1,<root><row><pos1>AA2208028Y0X-3</pos1></row></root>
11010702687,DELETING on FBNK_AA_NEXT_LEVEL_000,<root/>
11010702687,DELETING on F_JOB_LIST_1,<root><row><pos1>AA220872GPCY-3</pos1></row></root>
1.0012E+11,DELETING on FBNK_AA_NEXT_LEVEL_000,<root/>
1.0012E+11,DELETING on F_JOB_LIST_1,<root><row><pos1>AA2208732YL2-3</pos1></row></root>
11080702701,DELETING on FBNK_AA_NEXT_LEVEL_000,<root/>
11080702701,DELETING on F_JOB_LIST_1,<root><row><pos1>AA2208736HPB-3</pos1></row></root>
90210118007,UPDATING on F_EB_JOURNAL_SUMMAR000,<root><row><pos1>USD</pos1><pos2>AA</pos2><pos3>-6180.73</pos3><pos4>6180.73</pos4><pos5>0</pos5></row></root>
90210118007,DELETING on FBNK_AA_NEXT_LEVEL_000,<root/>
90210118007,DELETING on F_JOB_LIST_1,<root><row><pos1>AA22087CCG4Q-3</pos1></row></root>
5027074967,UPDATING on F_EB_JOURNAL_SUMMAR000,<root><row><pos1>USD</pos1><pos2>AA</pos2><pos3>-6433.15</pos3><pos4>6433.15</pos4><pos5>0</pos5></row></root>
5027074967,DELETING on FBNK_AA_NEXT_LEVEL_000,<root/>
5027074967,DELETING on F_JOB_LIST_1,<root><row><pos1>AA22087CQMVP-3</pos1></row></root>
11060702744,UPDATING on F_EB_JOURNAL_SUMMAR000,<root><row><pos1>USD</pos1><pos2>AA</pos2><pos3>-6540.73</pos3><pos4>6540.73</pos4><pos5>0</pos5></row></root>
11060702744,DELETING on FBNK_AA_NEXT_LEVEL_000,<root/>
11060702744,DELETING on F_JOB_LIST_1,<root><row><pos1>AA22087CXGFF-3</pos1></row></root>
1.10231E+11,UPDATING on F_EB_JOURNAL_SUMMAR000,<root><row><pos1>USD</pos1><pos2>AA</pos2><pos3>-6677.27</pos3><pos4>6677.27</pos4><pos5>0</pos5></row></root>
1.10231E+11,DELETING on FBNK_AA_NEXT_LEVEL_000,<root/>
1.10231E+11,DELETING on F_JOB_LIST_1,<root><row><pos1>AA22087NH8Q4-3</pos1></row></root>
5016074952,UPDATING on F_EB_JOURNAL_SUMMAR000,<root><row><pos1>USD</pos1><pos2>AA</pos2><pos3>-6767.05</pos3><pos4>6767.05</pos4><pos5>0</pos5></row></root>
5016074952,DELETING on FBNK_AA_NEXT_LEVEL_000,<root/>
5016074952,DELETING on F_JOB_LIST_1,<root><row><pos1>AA22087NM4W8-3</pos1></row></root>
205074593,UPDATING on F_EB_JOURNAL_SUMMAR000,<root><row><pos1>USD</pos1><pos2>AA</pos2><pos3>-7748.91</pos3><pos4>7748.91</pos4><pos5>0</pos5></row></root>
205074593,DELETING on FBNK_AA_NEXT_LEVEL_000,<root/>
205074593,DELETING on F_JOB_LIST_1,<root><row><pos1>AA22087PSFV7-3</pos1></row></root>
1.10181E+11,UPDATING on F_EB_JOURNAL_SUMMAR000,<root><row><pos1>USD</pos1><pos2>AA</pos2><pos3>-7790.18</pos3><pos4>7790.18</pos4><pos5>0</pos5></row></root>
1.10181E+11,DELETING on FBNK_AA_NEXT_LEVEL_000,<root/>
1.10181E+11,DELETING on F_JOB_LIST_1,<root><row><pos1>AA22087Y5JQP-3</pos1></row></root>
108074250,DELETING on FBNK_AA_NEXT_LEVEL_000,<root/>
108074250,DELETING on F_JOB_LIST_1,<root><row><pos1>AA22087Y8B3J-3</pos1></row></root>
2027074573,UPDATING on F_EB_JOURNAL_SUMMAR000,<root><row><pos1>USD</pos1><pos2>AA</pos2><pos3>-7842.56</pos3><pos4>7842.56</pos4><pos5>0</pos5></row></root>
2027074573,DELETING on FBNK_AA_NEXT_LEVEL_000,<root/>
2027074573,DELETING on F_JOB_LIST_1,<root><row><pos1>AA22087YG0L7-3</pos1></row></root>
804076481,UPDATING on F_EB_JOURNAL_SUMMAR000,<root><row><pos1>USD</pos1><pos2>AA</pos2><pos3>-8016.02</pos3><pos4>8016.02</pos4><pos5>0</pos5></row></root>
804076481,DELETING on FBNK_AA_NEXT_LEVEL_000,<root/>
804076481,DELETING on F_JOB_LIST_1,<root><row><pos1>AA220832PT9Z-3</pos1></row></root>
1.10211E+11,UPDATING on F_EB_JOURNAL_SUMMAR000,<root><row><pos1>USD</pos1><pos2>AA</pos2><pos3>-8468.2</pos3><pos4>8468.2</pos4><pos5>0</pos5></row></root>
1.10211E+11,DELETING on FBNK_AA_NEXT_LEVEL_000,<root/>
1.10211E+11,DELETING on F_JOB_LIST_1,<root><row><pos1>AA2208330YGH-3</pos1></row></root>
11000702715,UPDATING on F_BATCH_STATUS,<root><row><pos1>3processing76761712160867.156</pos1><pos2>4</pos2></row></root>
1.10291E+11,UPDATING on F_BATCH_STATUS,<root><row><pos1>4</pos1></row></root>
2014074612,INSERTING on F_JOB_LIST_1,<root><row><pos1>AA220800P4DX-4</pos1></row></root>
2014074612,INSERTING on F_JOB_LIST_1,<root><row><pos1>AA220802FD2S-4</pos1></row></root>
2014074612,INSERTING on F_JOB_LIST_1,<root><row><pos1>AA220803RD24-4</pos1></row></root>
2014074612,INSERTING on F_JOB_LIST_1,<root><row><pos1>AA2208054DQT-4</pos1></row></root>
2014074612,INSERTING on F_JOB_LIST_1,<root><row><pos1>AA2208056WKR-4</pos1></row></root>
2014074612,INSERTING on F_JOB_LIST_1,<root><row><pos1>AA220808905T-4</pos1></row></root>
2014074612,INSERTING on F_JOB_LIST_1,<root><row><pos1>AA22080FBLFZ-4</pos1></row></root>
2014074612,INSERTING on F_JOB_LIST_1,<root><row><pos1>AA22080FRT4N-4</pos1></row></root>
2014074612,INSERTING on F_JOB_LIST_1,<root><row><pos1>AA22080HJJTD-4</pos1></row></root>
2014074612,INSERTING on F_JOB_LIST_1,<root><row><pos1>AA22080J1CG8-4</pos1></row></root>
2014074612,INSERTING on F_JOB_LIST_1,<root><row><pos1>AA22080NVPGN-4</pos1></row></root>
2014074612,INSERTING on F_JOB_LIST_1,<root><row><pos1>AA22080P1RKL-4</pos1></row></root>
2014074612,INSERTING on F_JOB_LIST_1,<root><row><pos1>AA22080PX3PT-4</pos1></row></root>
2014074612,INSERTING on F_JOB_LIST_1,<root><row><pos1>AA22080PZLQB-4</pos1></row></root>
2014074612,INSERTING on F_JOB_LIST_1,<root><row><pos1>AA22080Q197L-4</pos1></row></root>
2014074612,INSERTING on F_JOB_LIST_1,<root><row><pos1>AA22080SXRJZ-4</pos1></row></root>
2014074612,INSERTING on F_JOB_LIST_1,<root><row><pos1>AA22087F3V8N-4</pos1></row></root>
2014074612,INSERTING on F_JOB_LIST_1,<root><row><pos1>AA22087YG0L7-4</pos1></row></root>
2014074612,INSERTING on F_JOB_LIST_1,<root><row><pos1>AA22091T4C0G-4</pos1></row></root>
2014074612,INSERTING on F_JOB_LIST_1,<root><row><pos1>AA22091WGW68-4</pos1></row></root>
2014074612,INSERTING on F_JOB_LIST_1,<root><row><pos1>AA22091WLSS2-4</pos1></row></root>
2014074612,INSERTING on F_JOB_LIST_1,<root><row><pos1>AA22080T334H-4</pos1></row></root>
2014074612,INSERTING on F_JOB_LIST_1,<root><row><pos1>AA22080X0SYL-4</pos1></row></root>
2014074612,INSERTING on F_JOB_LIST_1,<root><row><pos1>AA22080Z4L6Z-4</pos1></row></root>
2014074612,INSERTING on F_JOB_LIST_1,<root><row><pos1>AA22083011Q7-4</pos1></row></root>
2014074612,INSERTING on F_JOB_LIST_1,<root><row><pos1>AA2208326B1R-4</pos1></row></root>
2014074612,INSERTING on F_JOB_LIST_1,<root><row><pos1>AA220832Y5RV-4</pos1></row></root>
2014074612,INSERTING on F_JOB_LIST_1,<root><row><pos1>AA220833M5XZ-4</pos1></row></root>
2014074612,INSERTING on F_JOB_LIST_1,<root><row><pos1>AA2208341XLK-4</pos1></row></root>
2014074612,INSERTING on F_JOB_LIST_1,<root><row><pos1>AA22083435T2-4</pos1></row></root>
2014074612,INSERTING on F_JOB_LIST_1,<root><row><pos1>AA22083CKG8R-4</pos1></row></root>
2014074612,INSERTING on F_JOB_LIST_1,<root><row><pos1>AA22083CY8B1-4</pos1></row></root>
2014074612,INSERTING on F_JOB_LIST_1,<root><row><pos1>AA22083QWPNM-4</pos1></row></root>
2014074612,INSERTING on F_JOB_LIST_1,<root><row><pos1>AA22083RXKGT-4</pos1></row></root>
2014074612,INSERTING on F_JOB_LIST_1,<root><row><pos1>AA22083S4V2T-4</pos1></row></root>
2014074612,INSERTING on F_JOB_LIST_1,<root><row><pos1>AA22083S5LF2-4</pos1></row></root>
2014074612,INSERTING on F_JOB_LIST_1,<root><row><pos1>AA22083VM51Q-4</pos1></row></root>
2014074612,INSERTING on F_JOB_LIST_1,<root><row><pos1>AA22083VY62L-4</pos1></row></root>
2014074612,INSERTING on F_JOB_LIST_1,<root><row><pos1>AA22083XBKRK-4</pos1></row></root>
2014074612,INSERTING on F_JOB_LIST_1,<root><row><pos1>AA22083XX6X1-4</pos1></row></root>
2014074612,INSERTING on F_JOB_LIST_1,<root><row><pos1>AA22083Z44WX-4</pos1></row></root>
2014074612,UPDATING on F_BATCH_STATUS,<root><row><pos1>4processing41411712165689.839</pos1><pos2>5</pos2></row></root>
1.0028E+11,UPDATING on F_EB_JOURNAL_SUMMAR000,<root><row><pos1>USD</pos1><pos2>AA</pos2><pos3>-8602.14</pos3><pos4>8602.14</pos4><pos5>0</pos5></row></root>
1.0028E+11,DELETING on FBNK_AA_NEXT_LEVEL_000,<root/>
1.0028E+11,DELETING on F_JOB_LIST_1,<root><row><pos1>AA220808905T-4</pos1></row></root>
5031074997,UPDATING on F_EB_JOURNAL_SUMMAR000,<root><row><pos1>USD</pos1><pos2>AA</pos2><pos3>-13727.66</pos3><pos4>13727.66</pos4><pos5>0</pos5></row></root>
5031074997,DELETING on FBNK_AA_NEXT_LEVEL_000,<root/>
5031074997,DELETING on F_JOB_LIST_1,<root><row><pos1>AA22080FBLFZ-4</pos1></row></root>
1032074233,UPDATING on F_EB_JOURNAL_SUMMAR000,<root><row><pos1>USD</pos1><pos2>AA</pos2><pos3>-13729.63</pos3><pos4>13729.63</pos4><pos5>0</pos5></row></root>
1032074233,DELETING on FBNK_AA_NEXT_LEVEL_000,<root/>
1032074233,DELETING on F_JOB_LIST_1,<root><row><pos1>AA22080FRT4N-4</pos1></row></root>
1.10231E+11,UPDATING on F_EB_JOURNAL_SUMMAR000,<root><row><pos1>USD</pos1><pos2>AA</pos2><pos3>-13732.37</pos3><pos4>13732.37</pos4><pos5>0</pos5></row></root>
1.10231E+11,DELETING on FBNK_AA_NEXT_LEVEL_000,<root/>
1.10231E+11,DELETING on F_JOB_LIST_1,<root><row><pos1>AA22080PX3PT-4</pos1></row></root>
1.10251E+11,UPDATING on F_EB_JOURNAL_SUMMAR000,<root><row><pos1>USD</pos1><pos2>AA</pos2><pos3>-13791.91</pos3><pos4>13791.91</pos4><pos5>0</pos5></row></root>
1.10251E+11,DELETING on FBNK_AA_NEXT_LEVEL_000,<root/>
1.10251E+11,DELETING on F_JOB_LIST_1,<root><row><pos1>AA22080PZLQB-4</pos1></row></root>
1.10161E+11,DELETING on FBNK_AA_NEXT_LEVEL_000,<root/>
1.10161E+11,DELETING on F_JOB_LIST_1,<root><row><pos1>AA22091T4C0G-4</pos1></row></root>
1.10331E+11,UPDATING on F_EB_JOURNAL_SUMMAR000,<root><row><pos1>USD</pos1><pos2>AA</pos2><pos3>-13852.33</pos3><pos4>13852.33</pos4><pos5>0</pos5></row></root>
1.10331E+11,DELETING on FBNK_AA_NEXT_LEVEL_000,<root/>
1.10331E+11,DELETING on F_JOB_LIST_1,<root><row><pos1>AA22091WGW68-4</pos1></row></root>
1.10221E+11,UPDATING on F_EB_JOURNAL_SUMMAR000,<root><row><pos1>USD</pos1><pos2>AA</pos2><pos3>-13867.21</pos3><pos4>13867.21</pos4><pos5>0</pos5></row></root>
1.10221E+11,DELETING on FBNK_AA_NEXT_LEVEL_000,<root/>
1.10221E+11,DELETING on F_JOB_LIST_1,<root><row><pos1>AA22083011Q7-4</pos1></row></root>
8019076488,UPDATING on F_EB_JOURNAL_SUMMAR000,<root><row><pos1>USD</pos1><pos2>AA</pos2><pos3>-13908.27</pos3><pos4>13908.27</pos4><pos5>0</pos5></row></root>
8019076488,DELETING on FBNK_AA_NEXT_LEVEL_000,<root/>
8019076488,DELETING on F_JOB_LIST_1,<root><row><pos1>AA2208326B1R-4</pos1></row></root>
2010074608,UPDATING on F_EB_JOURNAL_SUMMAR000,<root><row><pos1>USD</pos1><pos2>AA</pos2><pos3>-13926.11</pos3><pos4>13926.11</pos4><pos5>0</pos5></row></root>
2010074608,DELETING on FBNK_AA_NEXT_LEVEL_000,<root/>
2010074608,DELETING on F_JOB_LIST_1,<root><row><pos1>AA22083435T2-4</pos1></row></root>
1.10111E+11,UPDATING on F_EB_JOURNAL_SUMMAR000,<root><row><pos1>USD</pos1><pos2>AA</pos2><pos3>-13932.95</pos3><pos4>13932.95</pos4><pos5>0</pos5></row></root>
1.10111E+11,DELETING on FBNK_AA_NEXT_LEVEL_000,<root/>
1.10111E+11,DELETING on F_JOB_LIST_1,<root><row><pos1>AA22083CKG8R-4</pos1></row></root>
1.10141E+11,UPDATING on F_EB_JOURNAL_SUMMAR000,<root><row><pos1>USD</pos1><pos2>AA</pos2><pos3>-13946.64</pos3><pos4>13946.64</pos4><pos5>0</pos5></row></root>
1.10141E+11,DELETING on FBNK_AA_NEXT_LEVEL_000,<root/>
1.10141E+11,DELETING on F_JOB_LIST_1,<root><row><pos1>AA22083S4V2T-4</pos1></row></root>
11040702758,UPDATING on F_EB_JOURNAL_SUMMAR000,<root><row><pos1>USD</pos1><pos2>AA</pos2><pos3>-14017.98</pos3><pos4>14017.98</pos4><pos5>0</pos5></row></root>
11040702758,DELETING on FBNK_AA_NEXT_LEVEL_000,<root/>
11040702758,DELETING on F_JOB_LIST_1,<root><row><pos1>AA22083S5LF2-4</pos1></row></root>
11060702790,UPDATING on F_EB_JOURNAL_SUMMAR000,<root><row><pos1>USD</pos1><pos2>AA</pos2><pos3>-14077.52</pos3><pos4>14077.52</pos4><pos5>0</pos5></row></root>
11060702790,DELETING on FBNK_AA_NEXT_LEVEL_000,<root/>
11060702790,DELETING on F_JOB_LIST_1,<root><row><pos1>AA22083XX6X1-4</pos1></row></root>
1.10241E+11,DELETING on FBNK_AA_NEXT_LEVEL_000,<root/>
1.10241E+11,DELETING on F_JOB_LIST_1,<root><row><pos1>AA22083Z44WX-4</pos1></row></root>
11000702726,UPDATING on F_EB_JOURNAL_SUMMAR000,<root><row><pos1>USD</pos1><pos2>AA</pos2><pos3>-14080.26</pos3><pos4>14080.26</pos4><pos5>0</pos5></row></root>
11000702726,DELETING on FBNK_AA_NEXT_LEVEL_000,<root/>
11000702726,DELETING on F_JOB_LIST_1,<root><row><pos1>AA2208054DQT-4</pos1></row></root>
2033074592,UPDATING on F_EB_JOURNAL_SUMMAR000,<root><row><pos1>USD</pos1><pos2>AA</pos2><pos3>-43246.43</pos3><pos4>43246.43</pos4><pos5>0</pos5></row></root>
2033074592,DELETING on FBNK_AA_NEXT_LEVEL_000,<root/>
2033074592,DELETING on F_JOB_LIST_1,<root><row><pos1>AA2208056WKR-4</pos1></row></root>
1029074174,UPDATING on F_EB_JOURNAL_SUMMAR000,<root><row><pos1>USD</pos1><pos2>AA</pos2><pos3>-43317.77</pos3><pos4>43317.77</pos4><pos5>0</pos5></row></root>
1.10121E+11,UPDATING on F_BATCH_STATUS,<root><row><pos1>3processing76761712160867.156</pos1><pos2>4</pos2></row></root>
1029074174,DELETING on FBNK_AA_NEXT_LEVEL_000,<root/>
1029074174,DELETING on F_JOB_LIST_1,<root><row><pos1>AA22080NVPGN-4</pos1></row></root>
409074741,UPDATING on F_EB_JOURNAL_SUMMAR000,<root><row><pos1>USD</pos1><pos2>AA</pos2><pos3>-43320.51</pos3><pos4>43320.51</pos4><pos5>0</pos5></row></root>
409074741,DELETING on FBNK_AA_NEXT_LEVEL_000,<root/>
409074741,DELETING on F_JOB_LIST_1,<root><row><pos1>AA22080SXRJZ-4</pos1></row></root>
2023074615,DELETING on FBNK_AA_NEXT_LEVEL_000,<root/>
2023074615,DELETING on F_JOB_LIST_1,<root><row><pos1>AA22091WLSS2-4</pos1></row></root>
1.0016E+11,UPDATING on F_EB_JOURNAL_SUMMAR000,<root><row><pos1>USD</pos1><pos2>AA</pos2><pos3>-43380.05</pos3><pos4>43380.05</pos4><pos5>0</pos5></row></root>
1.0016E+11,DELETING on FBNK_AA_NEXT_LEVEL_000,<root/>
1.0016E+11,DELETING on F_JOB_LIST_1,<root><row><pos1>AA22080Z4L6Z-4</pos1></row></root>
11000702729,UPDATING on F_EB_JOURNAL_SUMMAR000,<root><row><pos1>USD</pos1><pos2>AA</pos2><pos3>-43832.23</pos3><pos4>43832.23</pos4><pos5>0</pos5></row></root>
11000702729,DELETING on FBNK_AA_NEXT_LEVEL_000,<root/>
11000702729,DELETING on F_JOB_LIST_1,<root><row><pos1>AA2208341XLK-4</pos1></row></root>
3019074826,UPDATING on F_EB_JOURNAL_SUMMAR000,<root><row><pos1>USD</pos1><pos2>AA</pos2><pos3>-43859.6</pos3><pos4>43859.6</pos4><pos5>0</pos5></row></root>
3019074826,DELETING on FBNK_AA_NEXT_LEVEL_000,<root/>
3019074826,DELETING on F_JOB_LIST_1,<root><row><pos1>AA22083QWPNM-4</pos1></row></root>
11060702795,UPDATING on F_EB_JOURNAL_SUMMAR000,<root><row><pos1>USD</pos1><pos2>AA</pos2><pos3>-43966.64</pos3><pos4>43966.64</pos4><pos5>0</pos5></row></root>
11060702795,DELETING on FBNK_AA_NEXT_LEVEL_000,<root/>
11060702795,DELETING on F_JOB_LIST_1,<root><row><pos1>AA22083VM51Q-4</pos1></row></root>
605074357,UPDATING on F_EB_JOURNAL_SUMMAR000,<root><row><pos1>USD</pos1><pos2>AA</pos2><pos3>-44091.54</pos3><pos4>44091.54</pos4><pos5>0</pos5></row></root>
605074357,DELETING on FBNK_AA_NEXT_LEVEL_000,<root/>
605074357,DELETING on F_JOB_LIST_1,<root><row><pos1>AA22083XBKRK-4</pos1></row></root>
1.10151E+11,UPDATING on F_EB_JOURNAL_SUMMAR000,<root><row><pos1>USD</pos1><pos2>AA</pos2><pos3>-44151.08</pos3><pos4>44151.08</pos4><pos5>0</pos5></row></root>
1.10151E+11,DELETING on FBNK_AA_NEXT_LEVEL_000,<root/>
1.10151E+11,DELETING on F_JOB_LIST_1,<root><row><pos1>AA220802FD2S-4</pos1></row></root>
6013074319,UPDATING on F_EB_JOURNAL_SUMMAR000,<root><row><pos1>USD</pos1><pos2>AA</pos2><pos3>-44153.82</pos3><pos4>44153.82</pos4><pos5>0</pos5></row></root>
6013074319,DELETING on FBNK_AA_NEXT_LEVEL_000,<root/>
6013074319,DELETING on F_JOB_LIST_1,<root><row><pos1>AA22080HJJTD-4</pos1></row></root>
7015075442,UPDATING on F_EB_JOURNAL_SUMMAR000,<root><row><pos1>USD</pos1><pos2>AA</pos2><pos3>-44213.36</pos3><pos4>44213.36</pos4><pos5>0</pos5></row></root>
7015075442,DELETING on FBNK_AA_NEXT_LEVEL_000,<root/>
7015075442,DELETING on F_JOB_LIST_1,<root><row><pos1>AA22080P1RKL-4</pos1></row></root>
302074851,UPDATING on F_EB_JOURNAL_SUMMAR000,<root><row><pos1>USD</pos1><pos2>AA</pos2><pos3>-44284.7</pos3><pos4>44284.7</pos4><pos5>0</pos5></row></root>
302074851,DELETING on FBNK_AA_NEXT_LEVEL_000,<root/>
302074851,DELETING on F_JOB_LIST_1,<root><row><pos1>AA22080Q197L-4</pos1></row></root>
1.10151E+11,DELETING on FBNK_AA_NEXT_LEVEL_000,<root/>
1.10151E+11,DELETING on F_JOB_LIST_1,<root><row><pos1>AA22087F3V8N-4</pos1></row></root>
6010074336,DELETING on FBNK_AA_NEXT_LEVEL_000,<root/>
6010074336,DELETING on F_JOB_LIST_1,<root><row><pos1>AA22087YG0L7-4</pos1></row></root>
506074967,UPDATING on F_EB_JOURNAL_SUMMAR000,<root><row><pos1>USD</pos1><pos2>AA</pos2><pos3>-44288.98</pos3><pos4>44288.98</pos4><pos5>0</pos5></row></root>
506074967,DELETING on FBNK_AA_NEXT_LEVEL_000,<root/>
506074967,DELETING on F_JOB_LIST_1,<root><row><pos1>AA22080T334H-4</pos1></row></root>
10050293830,UPDATING on F_EB_JOURNAL_SUMMAR000,<root><row><pos1>USD</pos1><pos2>AA</pos2><pos3>-44360.32</pos3><pos4>44360.32</pos4><pos5>0</pos5></row></root>
10050293830,DELETING on FBNK_AA_NEXT_LEVEL_000,<root/>
10050293830,DELETING on F_JOB_LIST_1,<root><row><pos1>AA22080X0SYL-4</pos1></row></root>
4018074709,UPDATING on F_EB_JOURNAL_SUMMAR000,<root><row><pos1>USD</pos1><pos2>AA</pos2><pos3>-44404.98</pos3><pos4>44404.98</pos4><pos5>0</pos5></row></root>
4018074709,DELETING on FBNK_AA_NEXT_LEVEL_000,<root/>
4018074709,DELETING on F_JOB_LIST_1,<root><row><pos1>AA220832Y5RV-4</pos1></row></root>
200074606,UPDATING on F_EB_JOURNAL_SUMMAR000,<root><row><pos1>USD</pos1><pos2>AA</pos2><pos3>-44452.89</pos3><pos4>44452.89</pos4><pos5>0</pos5></row></root>
200074606,DELETING on FBNK_AA_NEXT_LEVEL_000,<root/>
200074606,DELETING on F_JOB_LIST_1,<root><row><pos1>AA220833M5XZ-4</pos1></row></root>
1.10121E+11,UPDATING on F_EB_JOURNAL_SUMMAR000,<root><row><pos1>USD</pos1><pos2>AA</pos2><pos3>-44905.07</pos3><pos4>44905.07</pos4><pos5>0</pos5></row></root>
1.10121E+11,DELETING on FBNK_AA_NEXT_LEVEL_000,<root/>
1.10121E+11,DELETING on F_JOB_LIST_1,<root><row><pos1>AA22083CY8B1-4</pos1></row></root>
1.10131E+11,UPDATING on F_EB_JOURNAL_SUMMAR000,<root><row><pos1>USD</pos1><pos2>AA</pos2><pos3>-44994.39</pos3><pos4>44994.39</pos4><pos5>0</pos5></row></root>
1.10131E+11,DELETING on FBNK_AA_NEXT_LEVEL_000,<root/>
1.10131E+11,DELETING on F_JOB_LIST_1,<root><row><pos1>AA22083RXKGT-4</pos1></row></root>
2027074570,INSERTING on F_JOB_LIST_1,<root><row><pos1>AA220919BPQH-2</pos1></row></root>
2027074570,INSERTING on F_JOB_LIST_1,<root><row><pos1>AA22091BG3VK-2</pos1></row></root>
2027074570,INSERTING on F_JOB_LIST_1,<root><row><pos1>AA22091BXD51-2</pos1></row></root>
2027074570,INSERTING on F_JOB_LIST_1,<root><row><pos1>AA22091CPJW6-2</pos1></row></root>
2027074570,INSERTING on F_JOB_LIST_1,<root><row><pos1>AA22091CR8SC-2</pos1></row></root>
2027074570,INSERTING on F_JOB_LIST_1,<root><row><pos1>AA22091FZVDH-2</pos1></row></root>
2027074570,INSERTING on F_JOB_LIST_1,<root><row><pos1>AA22091GMWBC-2</pos1></row></root>
2027074570,INSERTING on F_JOB_LIST_1,<root><row><pos1>AA22091GP33M-2</pos1></row></root>
